iter,loss,step,grad_norm
0,0.69314718056,1,0.288562
1,0.623993854045,1.2,0.117331
2,0.610111910778,1.44,0.0530898
3,0.606420672485,1.728,0.0290834
4,0.605087838695,2.0736,0.0152066
5,0.604675187628,2.48832,0.00661643
6,0.604588543365,2.98598,0.00215813
7,0.604578584325,3.58318,0.000418701
8,0.60457819568,4.29982,2.6671e-05
9,0.604578194888,2.57989,9.94858e-06
10,0.604578194781,3.09587,5.34686e-06
11,0.604578194772,3.71504,4.84162e-06
12,0.60457819475,2.22903,8.80137e-07
13,0.60457819475,2.67483,3.71969e-07
