out_index,library,reference,abs_error
41,0.59606439451247273,0.59721499195546468,0.0011505974429919519
42,0.70725965195914675,0.70613749109215462,0.0011221608669921279
43,0.42159152301443159,0.42268515207513552,0.0010936290607039267
44,-0.080746105008156946,-0.081817935271579545,0.001071830263422599
45,0.1721100843404279,0.17315921842532769,0.0010491340848997888
46,-0.053978718577941023,-0.055001548635967137,0.001022830058026114
47,0.091693155289115799,0.092691689849910955,0.00099853456079515568
48,0.43430117078373942,0.4333210136057164,0.00098015717802302227
49,0.0081259357057334187,0.0090864561145647654,0.00096052040883134668
50,0.053977438838253664,0.053038575898755033,0.00093886293949863031
51,-0.2719291753352639,-0.27100968442513801,0.00091949091012588635
52,-0.7878536770799619,-0.78875698432224872,0.00090330724228682158
53,-0.52141061400927491,-0.5205216883551208,0.00088892565415410463
54,-0.70726093169883253,-0.70812839554278184,0.00086746384394931209
55,-0.49624530351762636,-0.49539476679316946,0.00085053672445689621
56,-0.065699388456589083,-0.066535970566444433,0.00083658210985534942
57,-0.38472198288013537,-0.38389871440747597,0.00082326847265939973
58,-0.2166209138935303,-0.21742681530090638,0.00080590140737607507
59,-0.40987901927080161,-0.40908727154076607,0.00079174773003554133
60,-0.7878536770799569,-0.78863359632668761,0.00077991924673070923
61,-0.38346077007374302,-0.38269111167658421,0.00076965839715881224
62,-0.43666257896704569,-0.43741528907779786,0.00075271011075217498
63,-0.10339738493177728,-0.10265849123789411,0.00073889369388316362
64,0.43430117078373603,0.43357157069904445,0.00072960008469158399
65,0.20321647592660455,0.20393502987526521,0.00071855394866066069
66,0.43666129922735591,0.4359554063986994,0.00070589282865651803
67,0.28364167907890919,0.28433507331999608,0.00069339424108688652
68,-0.080746105008143401,-0.081432252255491805,0.00068614724734840371
69,0.31005992827595269,0.31073712539349163,0.0006771971175389413
70,0.21661963415384083,0.21595513102574004,0.00066450312810079071
71,0.48454107387497714,0.48519299850812814,0.00065192463315100202
72,0.93430173002406303,0.93365537059755743,0.00064635942650559386
73,0.59606439451246662,0.59670111267766002,0.00063671816519339508
74,0.70725965195915919,0.70663255130013125,0.00062710065902793488
75,0.42159152301443448,0.42220787343826599,0.00061635042383151317
76,-0.080746105008150257,-0.081357477075245002,0.00061137206709474534
77,0.17211008434042677,0.17271468888869904,0.0006046045482722695
78,-0.053978718577931135,-0.054572119080604969,0.00059340050267383398
79,0.091693155289103115,0.092276589125464881,0.00058343383636176582
80,0.43430117078374303,0.43372250410703522,0.00057866667670780636
81,0.008125935705728983,0.008697905302286155,0.00057196959655717201
82,0.053977438838247613,0.053414813496629299,0.00056262534161831412
83,-0.27192917533526229,-0.27137419483723896,0.0005549804980233275
84,-0.78785367707995335,-0.78840365225434661,0.00054997517439325794
85,-0.52141061400927469,-0.52086435667823094,0.00054625733104374241
86,-0.70726093169882764,-0.70779590794118641,0.00053497624235876451
87,-0.49624530351761859,-0.49571752753804815,0.00052777597957043287
88,-0.065699388456600311,-0.066222509775609256,0.00052312131900894565
89,-0.38472198288013648,-0.3842032771832255,0.00051870569691098156
90,-0.21662091389352706,-0.21713077174378043,0.00050985785025337016
91,-0.40987901927079456,-0.40937515319558626,0.00050386607520830351
92,-0.78785367707995824,-0.78835353921846385,0.00049986213850561345
93,-0.38346077007373425,-0.38296366302418627,0.00049710704954797347
94,-0.4366625789670463,-0.43714994199951812,0.00048736303247182144
95,-0.10339738493177425,-0.10291691941371033,0.00048046551806392446
96,0.43430117078373282,0.43382335029042307,0.00047782049330974408
97,0.20321647592660599,0.20368964260939043,0.00047316668278443719
98,0.43666129922735442,0.43619464445080297,0.00046665477655144505
99,0.28364167907891197,0.2841017536759794,0.00046007459706742804
100,-0.080746105008144553,-0.081204631743144143,0.00045852673499958974
101,0.31005992827595302,0.31051499554753387,0.00045506727158084459
102,0.21661963415385238,0.21617196852409587,0.0004476656297565107
103,0.48454107387497669,0.48498126456936036,0.00044019069438366865
104,0.9343017300240628,0.93386218080511041,0.00043954921895239529
105,0.59606439451246762,0.59649905480248966,0.00043466029002203754
106,0.7072596519591593,0.70683002030484599,0.00042963165431331163
107,0.4215915230144332,0.42201483732079936,0.00042331430636616263
108,-0.080746105008144151,-0.081168724913974241,0.00042261990583009057
109,0.17211008434042449,0.17253007840728507,0.0004199940668605795
110,-0.053978718577934091,-0.054391514286736234,0.0004127957088021425
111,0.09169315528909916,0.092099859964876907,0.00040670467577774705
112,0.43430117078374014,0.4338954820737157,0.00040568871002444329
113,0.0081259357057294739,0.008528559402827816,0.00040262369709834211
114,0.053977438838252671,0.053580641425542926,0.00039679741270974567
115,-0.27192917533526545,-0.27153661412699132,0.00039256120827413366
116,-0.78785367707995568,-0.78824453678959638,0.00039085970964070071
117,-0.52141061400927935,-0.52102026884754093,0.0003903451617384146
118,-0.70726093169881787,-0.70764310260409669,0.00038217090527881137
119,-0.49624530351762675,-0.49586731864479494,0.00037798487283180471
120,-0.065699388456595384,-0.066075643966030037,0.00037625550943465313
121,-0.3847219828801316,-0.38434730314123638,0.00037467973889521167
122,-0.21662091389353272,-0.21698950350885124,0.00036858961531852086
123,-0.40987901927079284,-0.40951374267926827,0.00036527659152457703
124,-0.78785367707995979,-0.78821755251965497,0.00036387543969518266
125,-0.38346077007374924,-0.38309712004159913,0.00036365003215010905
126,-0.43666257896707172,-0.43701894428856386,0.00035636532149213584
127,-0.10339738493175928,-0.10304552559168614,0.00035185934007313235
128,0.43430117078372998,0.43394963022712812,0.00035154055660185923
129,0.20321647592659525,0.20356562599073322,0.00034915006413796523
130,0.43666129922736252,0.43631645841319505,0.00034484081416746859
131,0.28364167907890608,0.28398208386820217,0.00034040478929608931
132,-0.080746105008136906,-0.081087049652627724,0.00034094464449081763
133,0.31005992827597034,0.3103994467104898,0.00033951843451945907
134,0.2166196341538357,0.21628553668396361,0.0003340974698720911
135,0.48454107387494649,0.48486962631638547,0.00032855244143897844
136,0.9343017300240668,0.93397193819262603,0.00032979183144077329
137,0.5960643945124694,0.59639113089429552,0.00032673638182612041
138,0.70725965195913409,0.70693615653405539,0.00032349542507870144
139,0.42159152301442154,0.42191044448980025,0.00031892147537870841
140,-0.080746105008145552,-0.081066032657340359,0.00031992764919480665
141,0.17211008434042355,0.17242904529820383,0.00031896095778027878
142,-0.053978718577906891,-0.054292100238694928,0.00031338166078803686
143,0.091693155289114883,0.092002026177732413,0.00030887088861752954
144,0.43430117078373687,0.43399177316537946,0.00030939761835740986
145,0.0081259357057403645,0.0084337746271878258,0.00030783892144746125
146,0.053977438838274154,0.053673955125436684,0.00030348371283746983
147,-0.27192917533526106,-0.27162849089653029,0.00030068443873076944
148,-0.78785367707998311,-0.78815406385737286,0.0003003867773897495
149,-0.5214106140092799,-0.52110937002354196,0.00030124398573794231
150,-0.70726093169883475,-0.70755534207675708,0.00029441037792232727
151,-0.49624530351762569,-0.49595376869447461,0.00029153482315108503
152,-0.065699388456597091,-0.065990475124551654,0.00029108666795456262
153,-0.38472198288014769,-0.38443121917606948,0.00029076370407821184
154,-0.21662091389352622,-0.21690681271501758,0.00028589882149135382
155,-0.4098790192707667,-0.40959523499253514,0.00028378427823155805
156,-0.78785367707994547,-0.7881372327023356,0.00028355562239013032
157,-0.38346077007374574,-0.38317629259958164,0.00028447747416410207
158,-0.43666257896704513,-0.43694089447426065,0.00027831550721552079
159,-0.10339738493175603,-0.10312247648247146,0.00027490844928457214
160,0.43430117078374519,0.43402550534385315,0.00027566543989204773
161,0.20321647592659042,0.20349080414596124,0.00027432821937081742
162,0.43666129922734592,0.43639024886341654,0.00027105036392938153
163,0.28364167907888294,0.28390930353817051,0.00026762445928757428
164,-0.080746105008149605,-0.081015258750955971,0.00026915374280636617
165,0.31005992827595835,0.31032862510774245,0.00026869683178409876
166,0.21661963415383037,0.21635540857364585,0.00026422558018451836
167,0.4845410738749657,0.48480068507905477,0.0002596112040890719
168,0.93430173002409034,0.93403996733072692,0.00026176269336342095
169,0.59606439451249271,0.59632399579324236,0.00025960128074964395
170,0.70725965195914486,0.70700241518579288,0.00025723677335198758
171,0.4215915230144322,0.4218450451588619,0.00025352214442969645
172,-0.080746105008154226,-0.081001475962751035,0.00025537095459680914
173,0.17211008434043262,0.17236531498533555,0.00025523064490293179
174,-0.053978718577925348,-0.05422918046892649,0.00025046189100114136
175,0.091693155289093109,0.09193990151511619,0.00024674622602308127
176,0.43430117078371561,0.43405311776668565,0.00024805301702995886
177,0.0081259357057216867,0.0083731954188785585,0.00024725971315687177
178,0.053977438838266813,0.053733783243032671,0.0002436555952341421
179,-0.27192917533526773,-0.27168758187129466,0.00024159346397306658
180,-0.78785367707996912,-0.78809569642116151,0.00024201934119238988
181,-0.52141061400925659,-0.5211670271924288,0.00024358681682778993
182,-0.70726093169881754,-0.70749838222670114,0.00023745052788359811
183,-0.49624530351762214,-0.4960100438609934,0.00023525965662873904
184,-0.065699388456584115,-0.065934872309814346,0.00023548385323023113
185,-0.38472198288015158,-0.38448616167617961,0.00023582120397197537
186,-0.21662091389354876,-0.21685251877814737,0.00023160488459861295
187,-0.40987901927079023,-0.40964889184032716,0.00023012743046307849
188,-0.78785367707996679,-0.78808420173878702,0.00023052465882023032
189,-0.383460770073766,-0.38322870862260655,0.00023206145115944876
190,-0.43666257896706628,-0.43688908270190913,0.00022650373484284225
191,-0.10339738493176355,-0.10317369444778426,0.00022369048397928581
192,0.43430117078372954,0.43407613970634662,0.00022503107738292005
193,0.20321647592659434,0.20344074341443913,0.00022426748784479256
194,0.43666129922736702,0.43643974570993305,0.00022155351743397
195,0.28364167907890508,0.28386036105025725,0.00021868197135216372
196,-0.080746105008135852,-0.08096686130841961,0.0002207563002837587
197,0.31005992827596773,0.31028076360486334,0.00022083532889560775
198,0.21661963415383409,0.21640274304106805,0.00021689111276604334
199,0.48454107387494416,0.48475386893897032,0.00021279506402616111
200,0.93430173002406725,0.93408627366085839,0.00021545636320885464
201,0.5960643945124694,0.5962781909409941,0.00021379642852470404
202,0.70725965195913609,0.70704772671162763,0.00021192524750845987
203,0.42159152301442215,0.42180021898340297,0.00020869596898082099
204,-0.080746105008167715,-0.080957127332571849,0.00021102232440413371
205,0.1721100843404223,0.17232143626153704,0.00021135192111473855
206,-0.053978718577905677,-0.054185764174540275,0.00020704559663459882
207,0.091693155289112122,0.091896940330803506,0.00020378504169138445
208,0.43430117078373726,0.43409563100693843,0.00020553977679882429
209,0.008125935705740446,0.0083311231062760845,0.00020518740053563841
210,0.053977438838274862,0.053775421498984309,0.00020201733929055277
211,-0.27192917533525562,-0.27172879279968903,0.00020038253556659003
212,-0.787853677079982,-0.78805490622931051,0.00020122914932851899
213,-0.52141061400928013,-0.5212074031041567,0.00020321090512342987
214,-0.70726093169883741,-0.70745841426997225,0.0001974825711348327
215,-0.49624530351763474,-0.49604961006014081,0.00019569345749392841
216,-0.065699388456593774,-0.065895701795596923,0.00019631333900314851
217,-0.3847219828801518,-0.38452494245669333,0.00019704042345847217
218,-0.21662091389354637,-0.21681412189863006,0.00019320800508368374
219,-0.40987901927081816,-0.40968691053604567,0.00019210873477248924
220,-0.78785367707997689,-0.78804655562244164,0.00019287854246474723
221,-0.38346077007377183,-0.3832659876542055,0.00019478241956633058
222,-0.43666257896705107,-0.43685216536771665,0.00018958640066557564
223,-0.10339738493175304,-0.10321025536725972,0.0001871295644933213
224,0.43430117078375563,0.43411234939180948,0.00018882139194614789
225,0.20321647592663089,0.20340487988207381,0.00018840395544292288
226,0.43666129922738112,0.436475268073093,0.00018603115428811323
227,0.28364167907892834,0.28382517496752691,0.00018349588859856159
228,-0.080746105008140723,-0.080932006709862891,0.00018590170172216869
229,0.31005992827597145,0.31024623578476707,0.00018630750879561342
230,0.21661963415382618,0.21643694870008554,0.00018268545374064415
231,0.48454107387495121,0.48471998090991375,0.00017890703496253879
232,0.93430173002404415,0.93411984850678409,0.00018188151726006296
233,0.59606439451245108,0.59624492491360304,0.00018053040115195707
234,0.70725965195913454,0.70708068820455183,0.00017896375458270608
235,0.42159152301444269,0.42176755781937636,0.00017603480493366686
236,-0.080746105008169172,-0.080924762368602798,0.00017865736043362612
237,0.17211008434042496,0.17228936344386026,0.00017927910343529252
238,-0.053978718577909514,-0.054153979522687135,0.00017526094477762072
239,0.091693155289123418,0.091865439935973459,0.00017228464685004052
240,0.43430117078376529,0.43412685098354487,0.00017431980022042382
241,0.0081259357057386853,0.0083001797776937492,0.00017424407195506392
242,0.053977438838280337,0.053806091882876793,0.00017134695540354378
243,-0.27192917533526412,-0.2717591938767136,0.00016998145855051661
244,-0.78785367707997367,-0.78802477088536738,0.00017109380539370722
245,-0.52141061400929545,-0.52123727622618787,0.00017333778310757442
246,-0.70726093169885385,-0.7074287999199913,0.00016786822113745714
247,-0.49624530351765389,-0.49607896902811682,0.00016633448953706775
248,-0.065699388456597327,-0.065866594878335016,0.00016720642173768951
249,-0.38472198288015191,-0.38455380059725541,0.00016818228289650072
250,-0.21662091389353508,-0.21678550931690008,0.00016459542336499933
251,-0.40987901927083897,-0.40971528072187308,0.00016373854896589712
252,-0.78785367707996423,-0.78801842472336248,0.00016474764339824421
253,-0.38346077007371698,-0.38329388232303335,0.00016688775068363082
254,-0.43666257896702715,-0.4368245039239475,0.00016192495692035624
255,-0.1033973849317834,-0.10323768654052454,0.00015969839125885843
256,0.43430117078370156,0.43413955319973563,0.00016161758396593395
257,0.2032164759266743,0.2033779005824714,0.00016142465579710441
258,0.43666129922735614,0.43650202567396496,0.00015927355339118154
259,0.28364167907887944,0.28379863630210084,0.00015695722322139893
260,-0.080746105008173683,-0.080905684262207039,0.00015957925403335682
261,0.31005992827594109,0.31022012688137646,0.00016019860543536879
262,0.21661963415383093,0.21646284668892224,0.00015678746490868645
263,0.48454107387496259,0.48469429124849722,0.00015321737353463094
264,0.93430173002412353,0.93414533238620234,0.00015639763792119066
265,0.59606439451245763,0.59621964431201124,0.00015524979955361395
266,0.70725965195914253,0.70710576799262237,0.00015388396652016301
267,0.42159152301445713,0.42174267642000018,0.00015115340554305856
268,-0.080746105008130828,-0.080900076971536186,0.00015397196340535824
269,0.17211008434041747,0.17226487170066745,0.00015478736024998607
270,-0.053978718577990921,-0.05412967912195002,0.00015096054395909858
271,0.091693155289124181,0.091841328602360037,0.00014817331323585536
272,0.43430117078374036,0.43415077548949249,0.00015039529424787368
273,0.0081259357057191037,0.0082764398946854837,0.00015050418896637996
274,0.053977438838237378,0.053829649313271055,0.00014778952496632275
275,-0.2719291753352448,-0.27178257099145087,0.00014660434379393239
276,-0.78785367707990217,-0.78800157198226273,0.00014789490236055691
277,-0.52141061400929045,-0.52126029898916848,0.00015031502012197162
278,-0.70726093169883197,-0.707405951257014,0.00014501955818202461
279,-0.49624530351762025,-0.49610164559996478,0.00014365791765547087
280,-0.065699388456590332,-0.065844088419025684,0.00014469996243535177
281,-0.38472198288010229,-0.38457613889253262,0.00014584398756967154
282,-0.21662091389352689,-0.21676333726626149,0.00014242337273459582
283,-0.40987901927076587,-0.4097372884182387,0.00014173085252716655
284,-0.7878536770799951,-0.78799657951887137,0.00014290243887626897
285,-0.38346077007378598,-0.38331556687027007,0.00014520320351590899
286,-0.43666257896702393,-0.43680297822675557,0.00014039925973163836
287,-0.1033973849317959,-0.10325905516842981,0.00013832976336608516
288,0.43430117078372815,0.43416076651284979,0.00014040427087835816
289,0.20321647592658873,0.20335684085532796,0.00014036492873922835
290,0.43666129922739094,0.4365229335185617,0.0001383657088292467
291,0.28364167907894844,0.28377787866135185,0.00013619958240340679
292,-0.080746105008177763,-0.080885075170717774,0.00013897016254001138
293,0.31005992827596263,0.31019966470869714,0.0001397364327345163
294,0.21661963415385624,0.21648316354992578,0.00013647060393046084
295,0.48454107387498724,0.48467411811522931,0.00013304424024207506
296,0.93430173002403416,0.93416536335313083,0.00013636667090333177
297,0.59606439451243554,0.59619975397205416,0.0001353594596186225
298,0.7072596519591815,0.70712551922288203,0.00013413273629947486
299,0.42159152301443042,0.42172306280353566,0.00013153978910523945
300,-0.080746105008158486,-0.080880599494034838,0.00013449448587635193
301,0.17211008434040564,0.17224552890784964,0.00013544456744399302
302,-0.053978718577909646,-0.054110469579923111,0.00013175100201346518
303,0.091693155289087197,0.091822250897343791,0.00012909560825659361
304,0.43430117078371228,0.4341697227517502,0.0001314480319620781
305,0.0081259357057988819,0.0082576217001786804,0.00013168599437979843
306,0.053977438838249396,0.05384833979621681,0.00012909904203258632
307,-0.27192917533526806,-0.27180113510018433,0.00012804023508372619
308,-0.78785367707998244,-0.78798313292872801,0.00012945584874557436
309,-0.52141061400926192,-0.52127861428880251,0.00013199972045940811
310,-0.70726093169879933,-0.70738775842780677,0.0001268267290074343
311,-0.49624530351770174,-0.49611971722482012,0.00012558629288161871
312,-0.065699388456586572,-0.065826136749646491,0.00012674829305991953
313,-0.38472198288010745,-0.38459397183872379,0.00012801104138365771
314,-0.21662091389354859,-0.21674562182759058,0.00012470793404198433
315,-0.4098790192707934,-0.40975488754892864,0.00012413172186476196
316,-0.78785367707997567,-0.78797909551272194,0.00012541843274627151
317,-0.38346077007369522,-0.38333293691958026,0.00012783315411496465
318,-0.43666257896704358,-0.43678572098173785,0.00012314201469426633
319,-0.10339738493179505,-0.10327620074629112,0.00012118418550392807
320,0.43430117078374819,0.43417780154581176,0.00012336923793643262
321,0.20321647592662173,0.20333991525976547,0.00012343933314373778
322,0.43666129922737118,0.43653975076992041,0.00012154845745077081
323,0.2836416790788866,0.28376116867520612,0.00011948959631952194
324,-0.080746105008116201,-0.080868471384919413,0.00012236637680321238
325,0.31005992827593792,0.31018316607208468,0.00012323779614675789
326,0.21661963415379734,0.21649955807497986,0.00012007607881747706
327,0.48454107387498241,0.48465782667722118,0.00011675280223877316
328,0.93430173002408545,0.93418155271534831,0.00012017730873714605
329,0.59606439451250526,0.59618366568740611,0.00011927117490084793
330,0.70725965195911156,0.70714150741579274,0.00011814454331882107
331,0.42159152301445585,0.42170717372908156,0.00011565071462571463
332,-0.080746105008089528,-0.080864808577029768,0.00011870356894023992
333,0.17211008434039368,0.17222983519956894,0.00011975085917526052
334,-0.053978718577948004,-0.054094872143376951,0.0001161535654289475
335,0.091693155289074027,0.09180674880715152,0.00011359351807749274
336,0.43430117078378394,0.43418513040935219,0.00011604037443174731
337,0.0081259357057242177,0.0082423075728064055,0.00011637186708218783
338,0.053977438838206764,0.053863561284490748,0.00011387755371601582
339,-0.27192917533522193,-0.27181626482973309,0.00011291050548883907
340,-0.78785367707994036,-0.78796809408837232,0.00011441700843195513
341,-0.52141061400925048,-0.5212935630986113,0.0001170509106391826
342,-0.70726093169886395,-0.70737289880024967,0.00011196710138572374
343,-0.49624530351762919,-0.49613448850814168,0.00011081500948750822
344,-0.065699388456585225,-0.065811452982680624,0.00011206452609539841
345,-0.38472198288016807,-0.38460856890710277,0.00011341397306530165
346,-0.21662091389349503,-0.21673111064994344,0.00011019675644841076
347,-0.40987901927075809,-0.40976931363397046,0.00010970563678763812
348,-0.78785367707998466,-0.78796475373152897,0.00011107665154430624
349,-0.38346077007377172,-0.38334719517620491,0.00011357489756680383
350,-0.43666257896706401,-0.43677154547992458,0.00010896651286057546
351,-0.10339738493174942,-0.10329029425416385,0.00010709067758557511
352,0.4343011707836909,0.43419181381155258,0.00010935697213831919
353,0.20321647592657946,0.20332598349312198,0.00010950756654251603
354,0.43666129922738756,0.43655360277152755,0.00010769645586000687
355,0.28364167907893151,0.28374739571309326,0.00010571663416175658
356,-0.080746105008136948,-0.08085477674511983,0.00010867173698288213
357,0.31005992827590501,0.31016954904583044,0.00010962076992543368
358,0.21661963415388741,0.21651309818819642,0.00010653596569099033
359,0.48454107387498507,0.48464436278480083,0.00010328890981575745
360,0.93430173002403838,0.9341949410714171,0.00010678895262128396
361,0.59606439451244908,0.59617035219102477,0.0001059576785756855
362,0.70725965195914309,0.707154746721113,0.00010490523803008411
363,0.42159152301448127,0.42169400795375384,0.00010248493927256241
364,-0.08074610500816351,-0.080851715678125421,0.00010561066996191137
365,0.17211008434047398,0.17221681453091772,0.00010673019044374343
366,-0.053978718577919575,-0.054081923066062534,0.00010320448814295918
367,0.091693155289075123,0.0917938706897308,0.00010071540065567652
368,0.43430117078375835,0.43419793819134722,0.00010323259241112881
369,0.0081259357057471161,0.0082295695087643405,0.00010363380301722444
370,0.053977438838269734,0.053876230241192431,0.00010120859707730273
371,-0.27192917533529842,-0.27182886528273287,0.00010031005256555536
372,-0.78785367707996512,-0.78795556154220248,0.00010188446223735603
373,-0.52141061400925348,-0.52130602832844064,0.00010458568081284092
374,-0.70726093169885174,-0.7073605003029545,9.9568604102762137e-05
375,-0.49624530351764623,-0.49614682085027828,9.8482667367949528e-05
376,-0.065699388456627358,-0.06579918622473914,9.9797768111781204e-05
377,-0.38472198288011683,-0.38462077064566236,0.00010121223445447303
378,-0.21662091389350718,-0.21671897337213236,9.805947862517872e-05
379,-0.4098790192708468,-0.40978138700358752,9.7632267259284422e-05
380,-0.78785367707995846,-0.78795274372378499,9.9066643826528633e-05
381,-0.3834607700737232,-0.38335914236262209,0.00010162771110111546
382,-0.43666257896701932,-0.43675966057994997,9.7081612930649541e-05
383,-0.10339738493179304,-0.10330211739655201,9.5267535241028156e-05
384,0.43430117078370045,0.43420357571958851,9.7595064111943852e-05
385,0.20321647592667802,0.20331428230185303,9.7806375175008009e-05
386,0.43666129922733743,0.4365652437583149,9.6055469022526818e-05
387,0.28364167907892013,0.28373581442410367,9.4135345183543606e-05
388,-0.080746105008144428,-0.080843254652718327,9.7149644573898963e-05
389,0.31005992827593259,0.31015808565403763,9.8157378105034887e-05
390,0.21661963415383703,0.21652450337011969,9.5130783717339851e-05
391,0.48454107387495576,0.48463301532707176,9.1941452115995581e-05
392,0.9343017300241262,0.93420623128540647,9.5498738719723697e-05
393,0.59606439451245796,0.59615911874548366,9.4724233025700322e-05
394,0.70725965195914731,0.70716592386879507,9.3728090352240834e-05
395,0.4215915230144619,0.42168288663834402,9.1363623882123601e-05
396,-0.080746105008122127,-0.080840649734229678,9.4544726107551047e-05
397,0.17211008434041317,0.17220580350255649,9.5719162143320657e-05
398,-0.0539787185779863,-0.054070966502106362,9.2247924120061886e-05
399,0.091693155289118713,0.091782968143395705,8.9812854276991039e-05
400,0.43430117078374347,0.43420878716211653,9.23836216269458e-05
401,0.0081259357057187707,0.0082187736760200684,9.283797030129777e-05
402,0.053977438838238058,0.053886973368872486,9.0465469365572093e-05
403,-0.27192917533523397,-0.27183955613403321,8.9619201200763499e-05
404,-0.78785367707990139,-0.78794492254281256,9.1245462911171415e-05
405,-0.52141061400928834,-0.52131661589577893,9.3998113509408121e-05
406,-0.70726093169883386,-0.7073499637518752,8.9032053041337988e-05
407,-0.49624530351761215,-0.49615730679666231,8.7996720949834462e-05
408,-0.065699388456619448,-0.065788750475486435,8.9362018866986914e-05
409,-0.384721982880113,-0.38463115660112523,9.082627898776563e-05
410,-0.21662091389352855,-0.21670863681109409,8.7722917565535852e-05
411,-0.40987901927076376,-0.40979167456555771,8.7344705206049422e-05
412,-0.78785367707999154,-0.78794250476929117,8.8827689299630919e-05
413,-0.38346077007379442,-0.38336933309730231,9.1436976492109689e-05
414,-0.43666257896702476,-0.43674951768147746,8.6938714452700072e-05
415,-0.10339738493180575,-0.10331221283892469,8.5172092881058425e-05
416,0.43430117078373015,0.4342136240821472,8.7546701582952302e-05
417,0.20321647592658737,0.20330428064645559,8.7804719868217473e-05
418,0.43666129922738972,0.43657519907542663,8.6100151963086624e-05
419,0.28364167907894983,0.28372590507993223,8.4226000982401406e-05
420,-0.080746105008179608,-0.080833390919564665,8.7285911385057147e-05
421,0.31005992827596268,0.3101482671735431,8.8338897580420017e-05
422,0.21661963415385152,0.21653427695288727,8.5357200964253366e-05
423,0.48454107387497858,0.48462328629062951,8.2212415650928516e-05
424,0.93430173002403527,0.93421591612360433,8.5813900430942169e-05
425,0.59606439451243409,0.5961494777605616,8.5083248127504341e-05
426,0.70725965195918361,0.70717552134183792,8.4130617345690162e-05
427,0.42159152301442243,0.4216733323389385,8.1809324516068926e-05
428,-0.080746105008145788,-0.080831138273480652,8.5033265334863439e-05
429,0.17211008434044089,0.17219633454852509,8.6250208084198698e-05
430,-0.053978718577895039,-0.054061539725917825,8.2821148022785285e-05
431,0.091693155289076192,0.091773583219557017,8.0427930480825305e-05
432,0.43430117078372033,0.43421813055619762,8.3040227522701571e-05
433,0.0081259357057925467,0.0082094714920866538,8.3535786294107114e-05
434,0.053977438838278997,0.053896234659437936,8.1204178841061403e-05
435,-0.2719291753353022,-0.27184877684481606,8.0398490486133234e-05
436,-0.78785367707995868,-0.78793574210119888,8.2065021240196323e-05
437,-0.52141061400927369,-0.5213257563762842,8.4857632989487897e-05
438,-0.70726093169889592,-0.70734086292751142,7.9931228615492955e-05
439,-0.49624530351761276,-0.49616636826724653,7.8935250366229948e-05
440,-0.065699388456643262,-0.065779728059285975,8.0339602642712227e-05
441,-0.38472198288014914,-0.38464014025977189,8.184262037724821e-05
442,-0.21662091389350988,-0.21669969161603661,7.8777722526734983e-05
443,-0.4098790192708332,-0.40980058158846278,7.8437682370424699e-05
444,-0.78785367707997178,-0.78793363562990881,7.9958549937031442e-05
445,-0.38346077007370427,-0.38337816463922214,8.2605434482130313e-05
446,-0.43666257896702459,-0.43674072345327897,7.8144486254372314e-05
447,-0.10339738493184189,-0.10332097003434294,7.6414897498947032e-05
448,0.4343011707837538,0.43422234452321284,7.8826260540953985e-05
449,0.20321647592660974,0.20329559668378772,7.9120757177975065e-05
450,0.43666129922730307,0.43658384683320717,7.7452394095900434e-05
451,0.28364167907893195,0.28371729325577033,7.5614176838378899e-05
452,-0.080746105008204311,-0.080824814760470737,7.8709752266425959e-05
453,0.31005992827594275,0.31013972641310744,7.979813716468831e-05
454,0.21661963415386956,0.21654278257859674,7.6851575272818273e-05
455,0.48454107387494688,0.48461481553797309,7.3741663026205551e-05
456,0.93430173002412686,0.93422435226262113,7.7377761505736942e-05
457,0.59606439451246762,0.59614107597826915,7.6681465801531346e-05
458,0.70725965195909268,0.70718388902233453,7.5762936758150268e-05
459,0.42159152301446673,0.4216649985074839,7.3475493017172155e-05
460,-0.080746105008090596,-0.080822838040556663,7.6733032466066997e-05
461,0.17211008434041355,0.17218806766596184,7.7983325548286464e-05
462,-0.053978718577995827,-0.054053305947657233,7.4587369661406611e-05
463,0.091693155289130468,0.091765382301379941,7.2227012249473366e-05
464,0.4343011707836934,0.43422629885622793,7.4871927465469668e-05
465,0.0081259357057159518,0.0082013355702380379,7.5399864522086163e-05
466,0.053977438838268221,0.05390433844076082,7.3100397507401549e-05
467,-0.27192917533522598,-0.27185684872146315,7.2326613762829783e-05
468,-0.78785367707990339,-0.78792770189519812,7.4024815294726487e-05
469,-0.52141061400929356,-0.52133376514332963,7.6848865963929924e-05
470,-0.70726093169877857,-0.70733288536938255,7.1953670603974729e-05
471,-0.49624530351762619,-0.49617431484423469,7.0988673391503276e-05
472,-0.065699388456627733,-0.065771812237262361,7.2423780634628399e-05
473,-0.38472198288016574,-0.38464802555101313,7.3957329152607443e-05
474,-0.21662091389349639,-0.21669183663326319,7.092273976680441e-05
475,-0.40987901927074566,-0.40980840648314487,7.0612787600787819e-05
476,-0.78785367707999154,-0.78792584060449922,7.2163524507673493e-05
477,-0.38346077007378615,-0.38338593001224064,7.4840061545511372e-05
478,-0.43666257896704702,-0.43673298751779271,7.0408550745693077e-05
479,-0.10339738493185358,-0.10332867674573534,6.8708186118232595e-05
480,0.4343011707837518,0.43423002222202162,7.1148561730183246e-05
481,0.20321647592661243,0.20328794778771761,7.1471861105176782e-05
482,0.43666129922737124,0.43659146713473834,6.983209263289325e-05
483,0.28364167907896887,0.28370970134251322,6.8022263544353923e-05
484,-0.080746105008197622,-0.080817251030566389,7.1146022368767659e-05
485,0.31005992827591644,0.31013219066345599,7.2262387539545614e-05
486,0.2166196341538737,0.21655029054944616,6.9343604427535288e-05
487,0.48454107387500323,0.48460733514608567,6.6261271082446171e-05
488,0.93430173002402161,0.93423180527384142,6.9924750180194728e-05
489,0.59606439451244342,0.59613365015083453,6.9255638391108043e-05
490,0.70725965195919571,0.70719128786107766,6.836409811805666e-05
491,0.42159152301437802,0.42165762646392629,6.610344954827152e-05
492,-0.080746105008120017,-0.080815492600215574,6.9387592095557227e-05
493,0.17211008434041017,0.17218074863812549,7.0664297715322677e-05
494,-0.053978718577875756,-0.054046013143173789,6.7294565298033071e-05
495,0.091693155289103365,0.091758115532869444,6.4960243766079562e-05
496,0.43430117078371616,0.43423353977498119,6.7631008734969633e-05
497,0.0081259357058029516,0.0081941203166652817,6.8184610862330117e-05
498,0.053977438838264495,0.053911528212596503,6.5910625667991996e-05
499,-0.27192917533528455,-0.27186401319337683,6.5162141907715299e-05
500,-0.78785367707996545,-0.78792056254295451,6.6885462989052513e-05
501,-0.52141061400936639,-0.52134087955521091,6.9734454155478964e-05
502,-0.70726093169886606,-0.70732579572047705,6.4864021610988587e-05
503,-0.4962453035175553,-0.49618137990666722,6.3923610888083626e-05
504,-0.065699388456567434,-0.06576477158620371,6.5383129636276127e-05
505,-0.38472198288012682,-0.38465504196412675,6.6940916000068906e-05
506,-0.21662091389358787,-0.21668484428570106,6.3930392113192847e-05
507,-0.40987901927073317,-0.40981537493633624,6.3644334396928404e-05
508,-0.78785367708000076,-0.7879188958759904,6.5218795989641087e-05
509,-0.38346077007378065,-0.38339285118456085,6.7918889219809042e-05
510,-0.43666257896704402,-0.43672608973441984,6.35107673758184e-05
511,-0.10339738493170399,-0.10333555130599312,6.1833625710869256e-05
512,0.43430117078376607,0.43423687372424258,6.4297059523488187e-05
513,0.20321647592650433,0.20328111918005881,6.464325355448608e-05
514,0.43666129922734098,0.43659827300994308,6.3026217397899043e-05
515,0.28364167907899052,0.28370291803846731,6.1238959476794808e-05
516,-0.080746105008116853,-0.080810490137617444,6.4385129500590943e-05
517,0.31005992827595086,0.31012545202301878,6.5523747067919302e-05
518,0.21661963415377541,0.21655700709506992,6.2627058705494454e-05
519,0.48454107387500789,0.48460064053861329,5.9566663605403747e-05
520,0.93430173002401495,0.93423847809844129,6.3251925573659662e-05
521,0.59606439451246684,0.59612699895486509,6.2604442398250804e-05
522,0.70725965195914164,0.70719791758155226,6.173437758938416e-05
523,0.42159152301446368,0.42165101806689409,5.9495052430413864e-05
524,-0.080746105008087307,-0.080808905375505738,6.2800367418430758e-05
525,0.17211008434042091,0.17217418243600105,6.4098095580139569e-05
526,-0.05397871857796474,-0.054039467814832556,6.0749236867815859e-05
527,0.091693155288989997,0.091751590930243765,5.8435641253767878e-05
528,0.43430117078382713,0.43424004379843395,6.1126985393178401e-05
529,0.0081259357058100067,0.0081876367267813849,6.1701020971378223e-05
530,0.053977438838194787,0.05391799151366964,5.9447324525147005e-05
531,-0.27192917533527522,-0.27187045634945745,5.8718985817773905e-05
532,-0.78785367707997145,-0.78791413938922406,6.0462309252606872e-05
533,-0.52141061400922584,-0.52134728284816501,6.3331161060831143e-05
534,-0.70726093169882387,-0.70731941214724481,5.8480448420938913e-05
535,-0.49624530351764351,-0.4961877438998118,5.7559617831715038e-05
536,-0.065699388456547242,-0.065758427034442721,5.9038577895478839e-05
537,-0.3847219828801311,-0.38466136721242483,6.0615667706265253e-05
538,-0.2166209138936071,-0.21667853820393904,5.7624310331932938e-05
539,-0.40987901927085552,-0.40982166198773506,5.735728312045163e-05
540,-0.7878536770798843,-0.78791262772000992,5.8950640125621234e-05
541,-0.38346077007367918,-0.38339910057909432,6.1669494584859486e-05
542,-0.43666257896712446,-0.43671985896780657,5.7280000682113918e-05
543,-0.10339738493186702,-0.10334176357730515,5.5621354561871672e-05
544,0.43430117078371783,0.4342430676313187,5.8103152399124891e-05
545,0.20321647592666459,0.20327494350647085,5.8467579806265046e-05
546,0.43666129922736324,0.43660443058012566,5.6868647237584558e-05
547,0.28364167907893412,0.28369677844290381,5.5099363969690618e-05
548,-0.080746105008100505,-0.080804368388654971,5.8263380554465782e-05
549,0.31005992827593731,0.31011934799336288,5.9419717425568397e-05
550,0.21661963415376961,0.21656309353183356,5.6540621936052027e-05
551,0.48454107387486584,0.48459457156896113,5.3497694095294701e-05
552,0.93430173002414374,0.93424452972562511,5.720029851863373e-05
553,0.59606439451254789,0.59612096454634189,5.6570033794001162e-05
554,0.7072596519590898,0.70720393489486366,5.5717064226135093e-05
555,0.42159152301436303,0.42164501772624546,5.3494711882429158e-05
556,-0.080746105008156224,-0.080802921886190565,5.6816878034340879e-05
557,0.17211008434046945,0.17216821567694773,5.8131336478278728e-05
558,-0.053978718577922989,-0.054033517665850503,5.4799087927513701e-05
559,0.091693155289099729,0.091745657272205641,5.2501983105912586e-05
560,0.43430117078380143,0.43424596108438807,5.5209699413361069e-05
561,0.0081259357057148294,0.0081817356949880331,5.5799989273203759e-05
562,0.053977438838221821,0.053923876408270718,5.3562429951102553e-05
563,-0.27192917533521616,-0.27187632522328409,5.28501119320679e-05
564,-0.78785367707997744,-0.78790828642031319,5.4609340335742829e-05
565,-0.52141061400922861,-0.52135312002713086,5.7493982097756025e-05
566,-0.70726093169881055,-0.70731359064390886,5.2658945098316146e-05
567,-0.49624530351769292,-0.49619354984116443,5.1753676528487613e-05
568,-0.065699388456691085,-0.065752636542367848,5.3248085676763091e-05
569,-0.3847219828801095,-0.38466714236779498,5.4840512314524581e-05
570,-0.21662091389342072,-0.21667277827360173,5.1864380181010361e-05
571,-0.40987901927081427,-0.40982740680352486,5.1612467289408048e-05
572,-0.78785367708002874,-0.78790689790837998,5.3220828351241423e-05
573,-0.38346077007379503,-0.38340481549654115,5.5954577253880533e-05
574,-0.43666257896700772,-0.43671415883583392,5.1579868826201469e-05
575,-0.1033973849317838,-0.10334744903193528,4.9935899848516097e-05
576,0.43430117078370012,0.43424873851657225,5.2432267127866528e-05
577,0.20321647592667014,0.2032692870835712,5.2811156901061418e-05
578,0.43666129922736768,0.43661007264712831,5.1226580239371877e-05
579,0.28364167907890891,0.28369115062594086,4.9471547031942897e-05
580,-0.080746105008255922,-0.080798754716689569,5.2649708433646913e-05
581,0.3100599282759649,0.31011374836144351,5.3820085478606394e-05
582,0.21661963415395369,0.21656867922784251,5.0954926111179688e-05
583,0.48454107387491385,0.48458899970584113,4.7925830927275648e-05
584,0.93430173002400951,0.93425008785888652,5.1642165122989248e-05
585,0.59606439451244353,0.5961154200403036,5.1025527860071307e-05
586,0.7072596519591936,0.70720946587518296,5.0186084010639398e-05
587,0.42159152301447866,0.42163950017068152,4.7977156202860805e-05
588,-0.080746105008173252,-0.080797417654441095,5.1312646267842599e-05
589,0.17211008434047534,0.17216272466902607,5.2640328550734861e-05
590,-0.053978718577917903,-0.054028039782226076,4.932120430817255e-05
591,0.091693155289063272,0.091740192413867536,4.7037124804263919e-05
592,0.43430117078364217,0.43425141301567083,4.9757767971336797e-05
593,0.0081259357057603919,0.0081762965925214134,5.0360886761021545e-05
594,0.053977438838366858,0.053929302779407155,4.813605895970241e-05
595,-0.27192917533528249,-0.27188173895971157,4.7436375570919509e-05
596,-0.78785367708002607,-0.78790288522224772,4.9208142221646156e-05
597,-0.52141061400930799,-0.52135850878295142,5.2105226356569112e-05
598,-0.70726093169879745,-0.70730821423515178,4.7282536354331661e-05
599,-0.49624530351760898,-0.49619891399770927,4.6389519899714404e-05
600,-0.065699388456601879,-0.065747284543375584,4.7896086773704938e-05
601,-0.38472198288007647,-0.38467248230284717,4.9500577229300013e-05
602,-0.21662091389351185,-0.21666745030899739,4.6536415485548543e-05
603,-0.40987901927084491,-0.40983272289081552,4.6296380029398065e-05
604,-0.78785367708004495,-0.78790159360608614,4.7916526041191787e-05
605,-0.38346077007378254,-0.38341010810591097,5.066196787156807e-05
606,-0.43666257896702981,-0.43670887782783874,4.6298860808924314e-05
607,-0.10339738493171426,-0.10335271852962807,4.4666402086182555e-05
608,0.43430117078376046,0.43425399659479974,4.7174188960719121e-05
609,0.20321647592651301,0.20326404033462381,4.7564408110795098e-05
610,0.43666129922732194,0.43661530815627292,4.5991071049023002e-05
611,0.2836416790790231,0.28368592626712058,4.4247188097479295e-05
612,-0.080746105008103253,-0.08079354141894303,4.7436410839776788e-05
613,0.31005992827593537,0.31010854603667104,4.8617760735669702e-05
614,0.21661963415379076,0.21657387066764081,4.5763486149957844e-05
615,0.48454107387495815,0.48458381906305087,4.2745188092718767e-05
616,0.93430173002403138,0.9342552577918608,4.6472232170580163e-05
617,0.5960643945124503,0.59611026073040241,4.5866217952106325e-05
618,0.70725965195916929,0.70721461464845847,4.5037310710815959e-05
619,0.42159152301457054,0.4216343618480432,4.2838833472669258e-05
620,-0.080746105008104474,-0.080792289696563879,4.6184688459405265e-05
621,0.17211008434030864,0.17215760699071411,4.7522650405473765e-05
622,-0.053978718577948545,-0.05402293229889945,4.4213720950904423e-05
623,0.091693155289179831,0.091735095040918799,4.1939751738967468e-05
624,0.43430117078380576,0.43425650036272773,4.4670421078030209e-05
625,0.0081259357057342288,0.0081712191880221833,4.5283482287954493e-05
626,0.053977438838206625,0.053934370324682825,4.3068513523800145e-05
627,-0.27192917533522309,-0.27188679672907323,4.2378606149862108e-05
628,-0.78785367707990228,-0.78789783714605499,4.4160066152709732e-05
629,-0.52141061400931565,-0.52136354724798795,4.7066761327707596e-05
630,-0.70726093169879156,-0.70730318529919833,4.2253600406771952e-05
631,-0.4962453035176172,-0.49620393348619923,4.1370031417964359e-05
632,-0.065699388456595814,-0.065742274421078856,4.2885964483041494e-05
633,-0.3847219828802102,-0.38467748314001682,4.4499740193382209e-05
634,-0.21662091389357732,-0.21666245867667946,4.1544783102143157e-05
635,-0.40987901927066689,-0.40983770539864273,4.1313872024162368e-05
636,-0.7878536770799407,-0.78789662014240525,4.2943062464551041e-05
637,-0.38346077007382223,-0.38341507260472457,4.5697469097660814e-05
638,-0.43666257896708655,-0.43670392221461368,4.1343247527136917e-05
639,-0.10339738493178555,-0.10335766533648511,3.9719595300441446e-05
640,0.43430117078378117,0.43425893467379745,4.2236109983717629e-05
641,0.20321647592657038,0.20325911090513238,4.2634978561995052e-05
642,0.43666129922739838,0.43662022901454833,4.1070212850047305e-05
643,0.28364167907894355,0.28368101390240946,3.9334823465908553e-05
644,-0.080746105008164967,-0.080788637470456226,4.2532462291258732e-05
645,0.31005992827586376,0.31010365042693844,4.3722151074676585e-05
646,0.21661963415378738,0.21657875801532059,4.0876138466788836e-05
647,0.48454107387493323,0.48457893990069584,3.7866025762611777e-05
648,0.93430173002411743,0.93426012884526932,4.1601178848105214e-05
649,0.59606439451257642,0.59610539771014415,4.1003197567723859e-05
650,0.70725965195906337,0.70721946971159633,4.0182247467046572e-05
651,0.42159152301440023,0.42162951466624043,3.7991651840207918e-05
652,-0.080746105008068739,-0.080787450321244583,4.1345313175844556e-05
653,0.17211008434047012,0.17215277534693857,4.2691006468448256e-05
654,-0.05397871857790721,-0.054018108311523906,3.9389733616695954e-05
655,0.091693155289034114,0.091730278635553358,3.7123346519243872e-05
656,0.43430117078373215,0.43426130925999878,3.9861523733364379e-05
657,0.0081259357057250105,0.0081664177245544395,4.0482018829429006e-05
658,0.053977438838199984,0.053939164427995255,3.8274410204729159e-05
659,-0.27192917533520761,-0.27189158354574339,3.7591789464219705e-05
660,-0.7878536770798753,-0.78789305754270744,3.9380462832139251e-05
661,-0.5214106140092043,-0.52136831971086506,4.2294298339240477e-05
662,-0.70726093169889659,-0.70729841990384179,3.7488204945201886e-05
663,-0.49624530351774221,-0.4962086918868357,3.6611630906513426e-05
664,-0.065699388456518695,-0.065737522943087823,3.8134486569127435e-05
665,-0.38472198288005482,-0.38468222776731026,3.9755112744566112e-05
666,-0.21662091389351293,-0.21665772082771584,3.6806934202909813e-05
667,-0.40987901927082632,-0.40984243654085312,3.6582729973200223e-05
668,-0.78785367707996568,-0.78789189563573814,3.8218555772462359e-05
669,-0.38346077007376328,-0.38341979054728426,4.0979526479023587e-05
670,-0.43666257896710858,-0.43669921076501267,3.6631797904085328e-05
671,-0.10339738493179264,-0.10336237036399885,3.501456779378409e-05
672,0.43430117078381564,0.43426363334990231,3.753743391332609e-05
673,0.20321647592669548,0.20325441851013706,3.7942583441585853e-05
674,0.43666129922728281,0.4366249151988979,3.6384028384905953e-05
675,0.28364167907884019,0.2836763338583892,3.4654779549003756e-05
676,-0.080746105008080216,-0.080783963497081723,3.7858489001507678e-05
677,0.31005992827602025,0.31009898245469086,3.9054178670616668e-05
678,0.21661963415386018,0.21658342005647122,3.6214097388964639e-05
679,0.48454107387490758,0.48457428372153166,3.3209846624082662e-05
680,0.93430173002405681,0.93426477923161999,3.6950792436818425e-05
681,0.59606439451246562,0.59610075304730481,3.6358534839187051e-05
682,0.70725965195908569,0.70722410871954122,3.5543239544466587e-05
683,0.42159152301446029,0.42162488124447028,3.3358230009994383e-05
684,-0.080746105008068503,-0.080782822416951616,3.6717408883113478e-05
685,0.17211008434050365,0.172148152891821,3.8068551317355093e-05
686,-0.053978718578001926,-0.054013491237366776,3.4772659364849801e-05
687,0.091693155289026107,0.091725666874101261,3.2511585075153948e-05
688,0.43430117078372166,0.43426591577656815,3.5255007153511819e-05
689,0.0081259357057738759,0.0081618163850906804,3.5880679316804484e-05
690,0.05397743883834584,0.053943760658242842,3.3678180102997279e-05
691,-0.27192917533522326,-0.27189617473396638,3.3000601256882867e-05
692,-0.78785367708005982,-0.78788847132919881,3.4794249138991873e-05
693,-0.52141061400924127,-0.5213729010173288,3.7712991912464133e-05
694,-0.70726093169876503,-0.70729384343743318,3.2911738668151003e-05
695,-0.49624530351763574,-0.49621326357984474,3.2039937790995232e-05
696,-0.065699388456632465,-0.065732955956381872,3.356749974940676e-05
697,-0.38472198288014914,-0.38468679011467205,3.5192765477087828e-05
698,-0.21662091389350724,-0.21665316305337043,3.2249159863190213e-05
699,-0.40987901927081849,-0.4098469898087656,3.2029462052884927e-05
700,-0.78785367707997844,-0.78788734680785288,3.3669727874441335e-05
701,-0.38346077007373441,-0.38342433500141715,3.6435072317264616e-05
702,-0.43666257896696309,-0.43669467061826256,3.2091651299470669e-05
703,-0.10339738493182174,-0.1033669062691506,3.0478662671140633e-05
704,0.43430117078362368,0.4342681650793242,3.3005704299482463e-05
705,0.20321647592664754,0.20324989089010845,3.3414963460903779e-05
706,0.43666129922742519,0.43662943877516863,3.1860452256560201e-05
707,0.28364167907895166,0.28367181426053978,3.0135181588120119e-05
708,-0.080746105008189517,-0.080779447811798535,3.3342803609018312e-05
709,0.31005992827591999,0.31009447061625778,3.454234033778425e-05
710,0.21661963415388963,0.21658792811320077,3.1706040688861403e-05
711,0.48454107387489298,0.48456977938110668,2.8705506213699827e-05
712,0.93430173002405259,0.93426927992100417,3.2450103048420331e-05
713,0.59606439451250826,0.59609625594379179,3.1861431283530806e-05
714,0.70725965195923557,0.70722860230253137,3.1049656704196238e-05
715,0.42159152301444042,0.42162039111727762,2.8868102837198428e-05
716,-0.080746105008243682,-0.080778335680642077,3.2230672398395055e-05
717,0.17211008434045566,0.17214366948106036,3.3585140604697195e-05
718,-0.053978718577861337,-0.054009011087432043,3.0292509570706283e-05
719,0.091693155289123751,0.091721189920527649,2.8034631403897614e-05
720,0.43430117078370473,0.43427038959883796,3.0781184866768285e-05
721,0.0081259357057031825,0.0081573456294310939,3.1409923727911473e-05
722,0.053977438838271115,0.05394822841169461,2.9210426576505022e-05
723,-0.27192917533528438,-0.27190063955007926,2.8535785205119346e-05
724,-0.78785367707995113,-0.78788400938597081,3.0332306019675848e-05
725,-0.52141061400923039,-0.52137736015200709,3.3253857223303207e-05
726,-0.70726093169871496,-0.70728938704666366,2.8455347948708187e-05
727,-0.4962453035176928,-0.49621771729107783,2.7586226614972897e-05
728,-0.065699388456679358,-0.065728504860405296,2.9116403725937268e-05
729,-0.38472198288022724,-0.38469123865998195,3.0744220245293441e-05
730,-0.2166209138935743,-0.21664871699466468,2.7803101090378979e-05
731,-0.40987901927064668,-0.40985143344521568,2.7585825430997968e-05
732,-0.7878536770799448,-0.78788290552906404,2.9228449119234057e-05
733,-0.38346077007384732,-0.38342877398668357,3.1996087163754794e-05
734,-0.43666257896713395,-0.43669023386263195,2.7654895497997156e-05
735,-0.10339738493180053,-0.10337134085981169,2.6044071988848283e-05
736,0.43430117078378572,0.43427259756927361,2.8573214512106482e-05
737,0.20321647592659797,0.20324546043695252,2.8984510354546078e-05
738,0.43666129922738295,0.4366338672557597,2.7431971623248508e-05
739,0.28364167907896126,0.28366738768818189,2.5708609220631562e-05
740,-0.080746105008178637,-0.080775023083480418,2.8918075301781476e-05
741,0.3100599282758405,0.3100900476677233,3.0119391882799107e-05
742,0.21661963415381991,0.2165923493459484,2.7284807871508221e-05
743,0.48454107387505152,0.48456535979986276,2.4285924811240367e-05
744,0.93430173002408556,0.93427369791525805,2.8032108827513724e-05
745,0.59606439451239535,0.59609183947239197,2.7444959996625329e-05
746,0.70725965195908835,0.70723301731500188,2.66346440864762e-05
747,0.42159152301447889,0.42161597749908292,2.4454484604030657e-05
748,-0.080746105008083963,-0.080773923392326544,2.7818384242581096e-05
749,0.17211008434041231,0.1721392584586065,2.9174118194197352e-05
750,-0.053978718577883049,-0.054004601266428809,2.588268854575998e-05
751,0.091693155289124265,0.09171678123649632,2.3625947372055145e-05
752,0.43430117078370245,0.43427479721029877,2.6373573403681849e-05
753,0.0081259357057115195,0.0081529390260814995,2.7003320369979947e-05
754,0.053977438838256606,0.053952634071434205,2.4804766822400515e-05
755,-0.27192917533513522,-0.27190504433062473,2.4131004510485887e-05
756,-0.78785367707990039,-0.78787960541969382,2.5928339793424016e-05
757,-0.52141061400939615,-0.52138176336856734,2.885064082880362e-05
758,-0.70726093169884452,-0.70728498451553956,2.4052816695041557e-05
759,-0.49624530351758561,-0.49622211920182752,2.3184315758095764e-05
760,-0.06569938845655833,-0.065724103505023543,2.4715048465212552e-05
761,-0.38472198288013182,-0.38469563952441121,2.6343355720603867e-05
762,-0.21662091389357996,-0.21664431655595615,2.3402662376187378e-05
763,-0.40987901927072296,-0.40985583352318439,2.3185747538567725e-05
764,-0.78785367708000154,-0.78787850574699059,2.482866698905184e-05
765,-0.38346077007378393,-0.38343317353811818,2.7596535665752597e-05
766,-0.43666257896705707,-0.43668583447648412,2.3255509427055898e-05
767,-0.10339738493172554,-0.10337574014566368,2.1644786061855714e-05
768,0.434301170783783,0.4342769968204182,2.417396336479305e-05
769,0.20321647592649469,0.20324106115503407,2.4585228539375503e-05
770,0.43666129922735125,0.43663826663374589,2.303259360536547e-05
771,0.28364167907897569,0.28366298814835189,2.1309069376196366e-05
772,-0.080746105008106098,-0.080770623316019766,2.4518307913667936e-05
773,0.31005992827602286,0.31008564760716023,2.5719331137374901e-05
774,0.216619634153767,0.21659674976591026,2.2884387856747512e-05
775,0.48454107387488793,0.48456095895440149,1.9885079513559667e-05
776,0.93430173002404138,0.93427809925191518,2.3630772126193023e-05
777,0.59606439451255133,0.59608743757821681,2.3043065665473428e-05
778,0.707259651959116,0.70723741983333066,2.2232125785337509e-05
779,0.42159152301447844,0.42161157429035889,2.0051275880450525e-05
780,-0.080746105008079008,-0.080769519426604611,2.3414418525602443e-05
781,0.172110084340411,0.17213485366920228,2.4769328791279799e-05
782,-0.053978718577999692,-0.054000195586640792,2.1477008641100637e-05
783,0.091693155288995812,0.091712374599018862,1.9219310023049774e-05
784,0.4343011707838183,0.43427920487228211,2.1965911536192539e-05
785,0.0081259357058152577,0.008148530272592814,2.2594566777556224e-05
786,0.053977438838186689,0.053957043984025364,2.0394854161324971e-05
787,-0.27192917533529665,-0.27190945546999995,1.9719865296696781e-05
788,-0.78785367707996401,-0.78787519298636421,2.1515906400204621e-05
789,-0.52141061400922806,-0.52138617716374724,2.4436845480813041e-05
790,-0.70726093169882298,-0.70728056929029248,1.9637591469501281e-05
791,-0.49624530351766133,-0.49622653592508231,1.8767592579016501e-05
792,-0.065699388456545826,-0.0657196852156441,2.0296759098273331e-05
793,-0.38472198288012888,-0.38470005944835794,2.192343177093159e-05
794,-0.21662091389360605,-0.21663989492889549,1.8981035289439285e-05
795,-0.40987901927083614,-0.40986025692224659,1.8762348589551614e-05
796,-0.78785367707989162,-0.78787408050717578,2.0403427284154674e-05
797,-0.38346077007367935,-0.38343760068754057,2.316938613877717e-05
798,-0.43666257896714017,-0.43668140534797284,1.882638083267052e-05
799,-0.1033973849318838,-0.10338017132290805,1.7213608975746864e-05
800,0.43430117078372144,0.43428143011554371,1.9740668177725684e-05
801,0.20321647592666478,0.20323662567212097,2.0149745456193857e-05
802,0.43666129922736618,0.43664270437472896,1.8594852637221493e-05
803,0.28364167907893312,0.28365854807927554,1.6869000342423224e-05
804,-0.080746105008099853,-0.080766180848533001,2.0075840433148029e-05
805,0.31005992827592882,0.31008120267055761,2.1274394628789661e-05
806,0.21661963415376459,0.21660119724223237,1.8436911532221378e-05
807,0.48454107387487017,0.48455650886724622,1.543499237605106e-05
808,0.93430173002414163,0.93428255202117338,1.9178002968245345e-05
809,0.59606439451255433,0.59608298205561383,1.8587543059500611e-05
810,0.70725965195908636,0.70724187818100059,1.7773778085761194e-05
811,0.42159152301436664,0.42160711304558374,1.5590031217094236e-05
812,-0.080746105008149785,-0.080765055212950368,1.8950204800582959e-05
813,0.17211008434043507,0.17213038641411096,2.0302073675898535e-05
814,-0.053978718577810725,-0.053995725217380344,1.7006639569619453e-05
815,0.091693155289043163,0.091707901043235021,1.4745754191858307e-05
816,0.43430117078368552,0.43428368168778769,1.7489095897826878e-05
817,0.0081259357057113287,0.0081440501237483916,1.8114418037062929e-05
818,0.053977438838292778,0.053961527539518488,1.5911298774290428e-05
819,-0.27192917533518429,-0.27191394250572304,1.5232829461253594e-05
820,-0.78785367707997933,-0.78787070239603751,1.7025316058183471e-05
821,-0.52141061400922672,-0.52139067138291717,1.994262630955479e-05
822,-0.70726093169881221,-0.70727607136769066,1.5139668878449974e-05
823,-0.4962453035177104,-0.49623103762600418,1.4265891706222167e-05
824,-0.065699388456693791,-0.065715179661502102,1.5791204808310311e-05
825,-0.38472198288010223,-0.3847045689314546,1.7413948647626576e-05
826,-0.21662091389342267,-0.21663538144105549,1.4467547632818212e-05
827,-0.40987901927079412,-0.40986477449038172,1.4244780412397962e-05
828,-0.7878536770800364,-0.78786955878234244,1.5881702306042023e-05
829,-0.3834607700737917,-0.38344212664600885,1.8643427782849553e-05
830,-0.4366625789670262,-0.43667687507924841,1.429611222220073e-05
831,-0.10339738493178564,-0.10338470597885818,1.267895292746124e-05
832,0.43430117078370473,0.43428596923650509,1.5201547199639176e-05
833,0.20321647592666964,0.20323208200841053,1.5606081740893174e-05
834,0.4366612992273719,0.43664725265931087,1.4046568061032438e-05
835,0.28364167907890953,0.28365399509536499,1.2316016455460321e-05
836,-0.080746105008256658,-0.080761623086717624,1.5518078460965978e-05
837,0.3100599282759553,0.31007664005141827,1.6711775462974199e-05
838,0.21661963415395244,0.21660576479822496,1.3869355727474941e-05
839,0.48454107387491224,0.48455193629505799,1.0862420145751894e-05
840,0.93430173002400685,0.93428712968982774,1.4600334179104557e-05
841,0.59606439451245397,0.5960783992096822,1.40046972282315e-05
842,0.70725965195918561,0.70724646628481247,1.3185674373139555e-05
843,0.42159152301448183,0.42160251960290301,1.0996588421186004e-05
844,-0.080746105008166535,-0.080760456349522419,1.4351341355883784e-05
845,0.17211008434047481,0.17212578204812043,1.5697707645617731e-05
846,-0.053978718577913948,-0.053991115266556235,1.2396688642286879e-05
847,0.091693155289045078,0.091703285424719838,1.0130135674760177e-05
848,0.43430117078364344,0.43428830305693134,1.2867726712106897e-05
849,0.0081259357057606955,0.008139422920475892,1.3487214715196538e-05
850,0.053977438838358635,0.053966160660908494,1.1278177450141369e-05
851,-0.27192917533525846,-0.27191858162938837,1.0593705870087788e-05
852,-0.78785367708002962,-0.78786605718555758,1.2380105527953766e-05
853,-0.52141061400930566,-0.52139532276555012,1.5291243755544137e-05
854,-0.70726093169882276,-0.70727141372762303,1.0482028800273824e-05
855,-0.49624530351759916,-0.49623570160941738,9.6019081817777518e-06
856,-0.065699388456530339,-0.065710509248016261,1.1120791485921822e-05
857,-0.38472198288012871,-0.38470924586138483,1.2737018743880224e-05
858,-0.21662091389358834,-0.21663069790751194,9.784013923597179e-06
859,-0.40987901927074238,-0.40986946471551255,9.5545552298292868e-06
860,-0.78785367708001119,-0.78786486177754378,1.1184697532584664e-05
861,-0.38346077007379653,-0.38344683051895195,1.393955484457754e-05
862,-0.43666257896703736,-0.43667216424912025,9.5852820828912222e-06
863,-0.10339738493172729,-0.10338942385564388,7.9610760834042393e-06
864,0.43430117078377328,0.43429069425009859,1.0476533674697031e-05
865,0.20321647592650774,0.20322734976758655,1.0873841078812285e-05
866,0.43666129922732733,0.43665199221800843,9.3070093188929448e-06
867,0.28364167907902199,0.28364924812722292,7.5690482009282967e-06
868,-0.080746105008102184,-0.080756868616863681,1.0763608761496513e-05
869,0.31005992827590906,0.31007187798779268,1.1949711883618708e-05
870,0.21661963415380631,0.21661053454848331,9.0996053229985829e-06
871,0.48454107387505047,0.48454715876450455,6.0848894540832532e-06
872,0.93430173002408123,0.93429191509486642,9.814929214813084e-06
873,0.59606439451240922,0.5960736058358862,9.2113234769763963e-06
874,0.70725965195906293,0.70725126772227942,8.3842367835096354e-06
875,0.42159152301440972,0.42159771000581081,6.1869914010914684e-06
876,-0.080746105008016766,-0.080755638496778706,9.5334887619397124e-06
877,0.17211008434045158,0.17212095584323098,1.087150277939708e-05
878,-0.053978718578055702,-0.053986280612297557,7.5620342418550313e-06
879,0.091693155289040137,0.091698442222948789,5.2869339086519807e-06
880,0.43430117078370123,0.43429315490452858,8.0158791726514522e-06
881,0.0081259357058090856,0.0081345623282188979,8.6266224098123512e-06
882,0.053977438838288323,0.053971030097491886,6.4087407964374954e-06
883,-0.27192917533514432,-0.27192346001045736,5.7153246869612317e-06
884,-0.78785367707989151,-0.78786116975891851,7.4926790269991272e-06
885,-0.52141061400939925,-0.52140021933885972,1.0394670539537465e-05
886,-0.70726093169883986,-0.70726650790568946,5.5762068496001405e-06
887,-0.49624530351759433,-0.49624061678274634,4.6867348479917581e-06
888,-0.065699388456616326,-0.065705584620103022,6.1961634866963822e-06
889,-0.38472198288021864,-0.38471418004806529,7.8028321533474276e-06
890,-0.21662091389351756,-0.21662575405768217,4.8401641646045324e-06
891,-0.40987901927062859,-0.40987441833356109,4.6009370675004213e-06
892,-0.78785367707995735,-0.78785989828502201,6.2212050646603956e-06
893,-0.38346077007387547,-0.38345180399238232,8.9660814931447064e-06
894,-0.43666257896707089,-0.43666718068765997,4.6017205890813706e-06
895,-0.10339738493174082,-0.10339441761324429,2.9673184965273158e-06
896,0.43430117078383995,0.43429569831249643,5.4724713435261307e-06
897,0.20321647592669639,0.2032223352913419,5.8593646455051829e-06
898,0.43666129922727032,0.43665701721856115,4.2820087091666181e-06
899,0.28364167907886623,0.28364421249148009,2.5334126138587543e-06
900,-0.08074610500808814,-0.080751822234752427,5.7172266642868674e-06
901,0.31005992827601181,0.31006682074701203,6.8924710002193912e-06
902,0.21661963415376134,0.21661560276113537,4.0313926259749611e-06
903,0.48454107387487499,0.48454207946603067,1.0055911556783315e-06
904,0.93430173002395733,0.93429700559320095,4.7244307563865107e-06
905,0.5960643945125792,0.5960685040221011,4.1095095218990352e-06
906,0.70725965195919438,0.70725638096798615,3.2709912082262704e-06
907,0.42159152301453678,0.42159258521181914,1.0621972823532388e-06
908,-0.080746105008139113,-0.080750502036508479,4.3970283693656187e-06
909,0.17211008434037239,0.17211580759793887,5.7232575664811769e-06
910,-0.053978718577951446,-0.053981120462785866,2.4018848344201094e-06
911,0.091693155288976799,0.091693270049073072,1.1476009627309214e-07
912,0.43430117078382996,0.43429833922393185,2.831559898108793e-06
913,0.0081259357058146575,0.0081293657415735607,3.4300357589032299e-06
914,0.053977438838194836,0.053976239074207677,1.1997639871585974e-06
915,-0.27192917533530236,-0.27192868150124244,4.938340599225377e-07
916,-0.78785367707985654,-0.7878559356298912,2.2585500346616882e-06
917,-0.5214106140092708,-0.52140546623153428,5.1477777365249722e-06
918,-0.70726093169890414,-0.70726124812278168,3.1642387754438062e-07
919,-0.49624530351771956,-0.49624588958328886,5.8606556929685638e-07
920,-0.065699388456478339,-0.06570029867389364,9.1021741530084022e-07
921,-0.38472198288005538,-0.3847194792687802,2.5036112751841699e-06
922,-0.21662091389363639,-0.21662044143201009,4.7246162629410726e-07
923,-0.40987901927081982,-0.40987974449552877,7.2522470895286517e-07
924,-0.78785367707990162,-0.78785455845515417,8.8137525255937987e-07
925,-0.38346077007367313,-0.38345715762306626,3.6124506068713202e-06
926,-0.436662578967147,-0.43666181312173397,7.6584541303104103e-07
927,-0.10339738493188017,-0.10339979924955583,2.414317675669686e-06
928,0.43430117078363212,0.43430109415471063,7.6628921485966117e-08
929,0.2032164759266985,0.20321692510555409,4.4917885558271031e-07
930,0.4366612992274182,0.43666244188603587,1.1426586176699338e-06
931,0.28364167907897703,0.28363877320349495,2.9058754820732169e-06
932,-0.080746105008154254,-0.080746368185644998,2.6317749074467045e-07
933,0.31005992827588519,0.31006135179523564,1.4235193504519295e-06
934,0.21661963415381572,0.21662108675781611,1.4526040003903784e-06
935,0.48454107387484813,0.48453658028078306,4.4935940650692174e-06
936,0.93430173002415451,0.93430252011195858,7.9008780407008317e-07
937,0.59606439451254611,0.5960629740242771,1.4204882690105336e-06
938,0.70725965195909268,0.70726192659195486,2.2746328621758849e-06
939,0.4215915230144594,0.42158702381317531,4.4992012840916473e-06
940,-0.080746105008227806,-0.080744924714128377,1.1802940994287692e-06
941,0.17211008434042918,0.17211021420101957,1.2986059039210573e-07
942,-0.053978718577805979,-0.053975510839336167,3.2077384698112055e-06
943,0.091693155289036848,0.091687644046449995,5.5112425868530934e-06
944,0.43430117078370772,0.43430398176016699,2.8109764592665343e-06
945,0.0081259357058061348,0.0081237065159777151,2.2291898284197698e-06
946,0.053977438838314323,0.053981915145977395,4.4763076630718879e-06
947,-0.27192917533528393,-0.27193437457706021,5.1992417762769527e-06
948,-0.7878536770800475,-0.78785022539062888,3.4516894186209512e-06
949,-0.52141061400920452,-0.52141119379529555,5.7978609102615764e-07
950,-0.70726093169870285,-0.70725550307228546,5.4286264173919463e-06
951,-0.49624530351771956,-0.49625165228350443,6.3487657848693146e-06
952,-0.06569938845668756,-0.065694518159141568,4.8702975459918862e-06
953,-0.38472198288010756,-0.38472527776475551,3.2948846479530225e-06
954,-0.21662091389341773,-0.21661462478728175,6.2891061359815481e-06
955,-0.40987901927079862,-0.40988557945765353,6.5601868549092224e-06
956,-0.78785367708003051,-0.78784870500500859,4.9720750219250931e-06
957,-0.38346077007386581,-0.38346302973361712,2.2596597513135919e-06
958,-0.43666257896704758,-0.43665592217775978,6.6567892877955614e-06
959,-0.10339738493172035,-0.10340570920171988,8.3242699995267344e-06
960,0.4343011707837634,0.43430702329206272,5.8525082993199362e-06
961,0.20321647592666026,0.20321097660541157,5.4993212486864618e-06
962,0.43666129922728847,0.43666840992843275,7.1107011442861356e-06
963,0.28364167907891952,0.28363278543737352,8.8936415459928142e-06
964,-0.08074610500826436,-0.080740360513444367,5.7444948199925072e-06
965,0.31005992827596129,0.31005532403242902,4.60424353226907e-06
966,0.21661963415394611,0.21662713479736101,7.5006434148983114e-06
967,0.48454107387491557,0.48453051177728862,1.0562097626953815e-05
968,0.93430173002401684,0.9343086092688242,6.879244807356244e-06
969,0.59606439451255577,0.59605686402285085,7.530489704921095e-06
970,0.70725965195919438,0.70726805763063716,8.4056714427793722e-06
971,0.42159152301440561,0.42158087154294011,1.0651471465505935e-05
972,-0.080746105008214997,-0.080738751016116328,7.3539920986687157e-06
973,0.17211008434049657,0.17210401887726409,6.0654632324796953e-06
974,-0.053978718577807554,-0.053969293689874707,9.4248879328462376e-06
975,0.091693155289029951,0.091681404869692104,1.175041933784704e-05
976,0.43430117078363956,0.43431024316764461,9.0723840050488391e-06
977,0.0081259357057740182,0.0081174226722179228,8.5130335560953257e-06
978,0.053977438838329124,0.05398822163319357,1.0782794864445944e-05
979,-0.27192917533509769,-0.27194070391677078,1.1528581673081462e-05
980,-0.78785367707989773,-0.78784387298670921,9.8040931885146065e-06
981,-0.52141061400940703,-0.52141756947629747,6.9554668904459049e-06
982,-0.7072609316988292,-0.70724910389941864,1.182779941055756e-05
983,-0.49624530351761598,-0.49625807516578285,1.2771648166876037e-05
984,-0.065699388456491065,-0.065688071347918639,1.1317108572425627e-05
985,-0.38472198288004017,-0.38473174872570021,9.7658456600369092e-06
986,-0.21662091389365087,-0.2166081294530634,1.278444058747108e-05
987,-0.4098790192707914,-0.40989209939113264,1.3080120341235624e-05
988,-0.78785367708004783,-0.78784216024473963,1.151683530820069e-05
989,-0.38346077007371349,-0.38346959955051324,8.8294767997543211e-06
990,-0.43666257896702787,-0.43664932707173765,1.3251895290222748e-05
991,-0.10339738493176519,-0.10341232983116688,1.4944899401694856e-05
992,0.434301170783782,0.43431366968161783,1.2498897835833134e-05
993,0.20321647592650249,0.20320430421653288,1.217170996961614e-05
994,0.43666129922733332,0.43667510855778241,1.3809330449088275e-05
995,0.28364167907903026,0.2836260603238166,1.5618755213664404e-05
996,-0.080746105008122002,-0.08073360866908115,1.2496339040851678e-05
997,0.31005992827585382,0.31004854520891417,1.1383066939651965e-05
998,0.2166196341538876,0.21663394085100848,1.4306697120880507e-05
999,0.48454107387499934,0.48452367823974607,1.7395635253270036e-05
1000,0.93430173002408867,0.9343154705466078,1.3740522519123388e-05
1001,0.59606439451266668,0.59604997474642074,1.4419766245943322e-05
1002,0.70725965195918028,0.70727497516735183,1.5323208171547087e-05
1003,0.42159152301431052,0.42157392548192069,1.7597532389834747e-05
1004,-0.08074610500814923,-0.080731776164237851,1.432884391137923e-05
1005,0.17211008434061542,0.172097014965266,1.3069375349422652e-05
1006,-0.053978718577990331,-0.053962260445462179,1.6458132528152092e-05
1007,0.091693155288992759,0.091674342017608171,1.8813271384587882e-05
1008,0.43430117078388869,0.43431733590520044,1.6165121311750852e-05
1009,0.0081259357058071011,0.0081102997690003335,1.5635936806767531e-05
1010,0.053977438838157456,0.053995374985815303,1.7936147657847401e-05
1011,-0.27192917533516686,-0.27194788800573055,1.8712670563691969e-05
1012,-0.78785367707984144,-0.78783665787211432,1.7019207727120289e-05
1013,-0.521410614009299,-0.52142481590896561,1.4201899666610451e-05
1014,-0.70726093169877169,-0.70724182585267592,1.9105846095768264e-05
1015,-0.49624530351769341,-0.4962653851252472,2.0081607553790182e-05
1016,-0.065699388456637892,-0.065680729174014088,1.8659282623803564e-05
1017,-0.38472198288011755,-0.38473912341966754,1.7140539549986844e-05
1018,-0.21662091389346122,-0.21660072193071259,2.0191962748633552e-05
1019,-0.40987901927075798,-0.4098995400532674,2.052078250941447e-05
1020,-0.78785367707999565,-0.78783468612742535,1.8990952570296926e-05
1021,-0.38346077007359436,-0.38347710744123625,1.6337367641894307e-05
1022,-0.43666257896705424,-0.43664178508541118,2.079388164305529e-05
1023,-0.10339738493201206,-0.10341990623870612,2.2521306694056609e-05
1024,0.43430117078373431,0.43432128083877575,2.0110055041433483e-05
1025,0.20321647592679351,0.20319665797713343,1.9817949660078105e-05
1026,0.43666129922738783,0.43668279021623185,2.1490988844019565e-05
1027,0.28364167907875909,0.28361834290652438,2.3336172234711405e-05
1028,-0.080746105008167229,-0.08072585514980285,2.0249858364379536e-05
1029,0.31005992827612927,0.31004075524007646,1.9173036052810843e-05
1030,0.21661963415377508,0.21664176762114917,2.2133467374091387e-05
1031,0.48454107387486167,0.48451581431294272,2.5259561918955509e-05
1032,0.93430173002421202,0.93432337198906135,2.1641964849328232e-05
1033,0.59606439451253868,0.596042035425011,2.2359087527679122e-05
1034,0.7072596519590596,0.70728295273485076,2.3300775791157413e-05
1035,0.42159152301441583,0.42156590929652804,2.5613717887784659e-05
1036,-0.080746105008032518,-0.080723720984984565,2.2384023047952728e-05
1037,0.17211008434040517,0.1720889204122393,2.1163928165868207e-05
1038,-0.053978718577878886,-0.053954126134468983,2.4592443409902909e-05
1039,0.091693155289081674,0.091666167559955478,2.6987729126196069e-05
1040,0.43430117078369546,0.43432555090287817,2.438011918270977e-05
1041,0.0081259357057639082,0.0081020438331448411,2.3891872619067125e-05
1042,0.053977438838297385,0.054003672262130924,2.6233423833538216e-05
1043,-0.27192917533505395,-0.2719562270292597,2.70516942057486e-05
1044,-0.78785367707984477,-0.78782827668915612,2.5400390688656849e-05
1045,-0.521410614009305,-0.52143323966792798,2.2625658622987821e-05
1046,-0.70726093169895932,-0.70723335909634144,2.7572602617875752e-05
1047,-0.49624530351771462,-0.4962738953058996,2.8591788184983979e-05
1048,-0.065699388456543287,-0.065672175137590216,2.7213318953070442e-05
1049,-0.38472198288006765,-0.38474772174835764,2.5738868289992833e-05
1050,-0.21662091389363561,-0.2165920788678212,2.8835025814410997e-05
1051,-0.409879019270597,-0.4099082282976973,2.9209027100296492e-05
1052,-0.78785367707978193,-0.78782595224853191,2.772483125002001e-05
1053,-0.38346077007389512,-0.3834858874123156,2.5117338420477253e-05
1054,-0.43666257896725069,-0.4366329585591861,2.9620408064590098e-05
1055,-0.10339738493176727,-0.10342877978968826,3.1394857920988284e-05
1056,0.43430117078393793,0.43433020188988153,2.9031105943599922e-05
1057,0.20321647592651582,0.20318768894561343,2.8786980902389958e-05
1058,0.4366612992271599,0.43669180771414084,3.0508486980940219e-05
1059,0.2836416790790493,0.28360927644925082,3.2402629798478078e-05
1060,-0.08074610500794456,-0.080716739233979304,2.9365773965256414e-05
1061,0.31005992827576484,0.31003158936129421,2.8338914470626975e-05
1062,0.21661963415380889,0.21665098397346905,3.1349819660159151e-05
1063,0.48454107387505574,0.48450654696956175,3.4526905493992288e-05
1064,0.93430173002409589,0.93433269084770254,3.0960823606651644e-05
1065,0.59606439451234416,0.59603266452040593,3.1729991938234114e-05
1066,0.70725965195912299,0.7072923762221287,3.2724263005712295e-05
1067,0.42159152301465569,0.4215564326828064,3.5090331849285672e-05
1068,-0.080746105008111441,-0.080714190693511101,3.1914314600339777e-05
1069,0.17211008434028241,0.17207933588511687,3.0748455165541255e-05
1070,-0.053978718578033262,-0.053944486807192805,3.4231770840456588e-05
1071,0.09169315528903052,0.091656472859813765,3.6682429216755574e-05
1072,0.43430117078381386,0.43433530155533895,3.4130771525087145e-05
1073,0.0081259357057806812,0.008092236641491557,3.3699064289124253e-05
1074,0.053977438838198916,0.054013536587715259,3.6097749516343647e-05
1075,-0.27192917533522543,-0.27196614909154759,3.6973756322167262e-05
1076,-0.78785367707984433,-0.78781829628032352,3.5380799520812189e-05
1077,-0.52141061400937583,-0.52144327904182564,3.2665032449807896e-05
1078,-0.70726093169903426,-0.70722326013118841,3.7671567845842802e-05
1079,-0.4962453035175976,-0.49628405449708496,3.8750979487356396e-05
1080,-0.065699388456400193,-0.0656619550769936,3.7433379406592859e-05
1081,-0.38472198288021264,-0.38475800332973065,3.6020449518003872e-05
1082,-0.21662091389373181,-0.21658173510559833,3.9178788133475972e-05
1083,-0.40987901927065218,-0.40991863491031855,3.9615639666368274e-05
1084,-0.78785367707978937,-0.7878154821075819,3.8194972207472588e-05
1085,-0.38346077007389706,-0.38349642176896187,3.5651695064808919e-05
1086,-0.43666257896723315,-0.43662235929024412,4.0219676989028397e-05
1087,-0.10339738493172328,-0.10343944467690569,4.2059745182412844e-05
1088,0.43430117078369684,0.43434093311092326,3.9762327226411376e-05
1089,0.20321647592649231,0.20317689066480718,3.958526168512666e-05
1090,0.43666129922735375,0.43670267379006067,4.1374562706919527e-05
1091,0.2836416790790961,0.28359834183304478,4.3337246051322609e-05
1092,-0.080746105008171976,-0.080705735321528527,4.0369686643448865e-05
1093,0.31005992827585938,0.31002051538588615,3.9412889973222676e-05
1094,0.21661963415386651,0.21666212878893668,4.2494635070167153e-05
1095,0.48454107387483347,0.48449533052606453,4.5743348768945147e-05
1096,0.93430173002408579,0.93434397971785743,4.2249693771645447e-05
1097,0.59606439451253157,0.59602130241324802,4.309209928354818e-05
1098,0.70725965195912643,0.70730381238841356,4.4160429287121161e-05
1099,0.42159152301442843,0.42154492162392915,4.6601390499279027e-05
1100,-0.080746105008058594,-0.080702603897125205,4.350111093338882e-05
1101,0.17211008434034838,0.17206767249375221,4.2411846596174252e-05
1102,-0.053978718578037786,-0.053932745950934842,4.5972627102944252e-05
1103,0.091693155289150299,0.091644653656560895,4.8501632589403876e-05
1104,0.43430117078387265,0.43434720000093291,4.602921706026164e-05
1105,0.0081259357056868726,0.0080802580456379256,4.5677660048946966e-05
1106,0.053977438838076687,0.054025596254888258,4.815741681157143e-05
1107,-0.27192917533511268,-0.27197829076506824,4.911542995555962e-05
1108,-0.78785367707976317,-0.78780607165172001,4.760542804316259e-05
1109,-0.52141061400934385,-0.52145558758775479,4.4973578410933968e-05
1110,-0.70726093169899218,-0.70721086669093336,5.0065008058819416e-05
1111,-0.4962453035175699,-0.49629653382286693,5.1230305297023104e-05
1112,-0.065699388456634616,-0.065649388859671601,4.9999596963015702e-05
1113,-0.38472198288024428,-0.38477065746030242,4.8674580058138961e-05
1114,-0.21662091389353383,-0.21656899202526894,5.1921868264886983e-05
1115,-0.40987901927060821,-0.40993146799227065,5.244872166243475e-05
1116,-0.78785367707997778,-0.78780255795566889,5.1119124308884878e-05
1117,-0.38346077007383372,-0.38350943807561455,4.8668001780827197e-05
1118,-0.43666257896703892,-0.43660924972762116,5.3329239417754248e-05
1119,-0.10339738493191479,-0.10345264861324417,5.5263681329381642e-05
1120,0.43430117078374392,0.43435423255607597,5.3061772332052559e-05
1121,0.20321647592665693,0.20316349455809365,5.2981368563270737e-05
1122,0.43666129922732855,0.43671616772941574,5.4868502087190851e-05
1123,0.28364167907889248,0.28358474887196,5.6930206932481742e-05
1124,-0.080746105008111413,-0.080692042131455657,5.4062876655755487e-05
1125,0.31005992827599876,0.31000672074025343,5.3207535745336543e-05
1126,0.21661963415397589,0.21667602613658371,5.6391982607817415e-05
1127,0.48454107387499423,0.48448132921115106,5.9744663843175339e-05
1128,0.93430173002403405,0.93435808628634698,5.6356262312928784e-05
1129,0.59606439451241355,0.59600708928462087,5.7305227792681102e-05
1130,0.70725965195914509,0.70731813340439242,5.8481445247338115e-05
1131,0.42159152301455932,0.42153049137175852,6.1031642800801755e-05
1132,-0.080746105008131036,-0.080688063037816476,5.8041970314559599e-05
1133,0.17211008434035799,0.17205301963427067,5.7064706087323058e-05
1134,-0.053978718577700494,-0.053917979675213994,6.0738902486499879e-05
1135,0.091693155289194375,0.091629772526325967,6.3382762868408049e-05
1136,0.43430117078354258,0.43436219744848231,6.1026664939733966e-05
1137,0.0081259357056247192,0.0080651427931946219,6.079291243009724e-05
1138,0.053977438838428093,0.054040830823723712,6.3391985295618847e-05
1139,-0.27192917533508237,-0.271993646186447,6.4470851364628601e-05
1140,-0.78785367708011522,-0.78779059381516603,6.308326494919303e-05
1141,-0.52141061400938082,-0.52147118942906423,6.0575419683406295e-05
1142,-0.70726093169853832,-0.70719513922911637,6.5792469421954713e-05
1143,-0.49624530351759927,-0.49631238854750248,6.70850299032133e-05
1144,-0.065699388456791394,-0.065633405200810652,6.5983255980742173e-05
1145,-0.38472198288006049,-0.38478677175333592,6.4788873275434256e-05
1146,-0.21662091389341331,-0.2165527453687057,6.8168524707618028e-05
1147,-0.40987901927079906,-0.40994784877102869,6.8829500229627971e-05
1148,-0.78785367708010323,-0.78778604126567642,6.76358144268141e-05
1149,-0.38346077007369034,-0.38352609249775604,6.5322424065705764e-05
1150,-0.4366625789669335,-0.4365924557205656,7.0123246367903569e-05
1151,-0.10339738493175818,-0.10346958408978553,7.2199158027350108e-05
1152,0.43430117078370423,0.43437131142087315,7.0140637168925046e-05
1153,0.20321647592653394,0.20314627035255436,7.0205573979575941e-05
1154,0.43666129922735636,0.43673353926269354,7.2240035337178821e-05
1155,0.28364167907900767,0.28356722798813866,7.4451090869009917e-05
1156,-0.080746105008153046,-0.080674369837622106,7.1735170530939918e-05
1157,0.3100599282758747,0.3099888949398345,7.1033336040193795e-05
1158,0.21661963415405755,0.21669400757793736,7.4373423879808831e-05
1159,0.48454107387502504,0.48446318995542564,7.7883919599397444e-05
1160,0.93430173002386674,0.93437638556977487,7.465554590813106e-05
1161,0.5960643945123475,0.59598862771900019,7.5766793347309402e-05
1162,0.70725965195932705,0.7073367595479253,7.7107588598246402e-05
1163,0.42159152301458402,0.42151169831211033,7.9824702473696441e-05
1164,-0.080746105008293115,-0.080669100679768388,7.7004328524726828e-05
1165,0.17211008434028538,0.17203388555051408,7.6198789771303455e-05
1166,-0.053978718577701951,-0.053898671393343388,8.0047184358562895e-05
1167,0.09169315528917249,0.091610287526661865,8.2867762510624443e-05
1168,0.4343011707836068,0.43438186173353005,8.0690949923245547e-05
1169,0.0081259357058573664,0.008045296606390159,8.0639099467207445e-05
1170,0.05397743883832852,0.05406086157975433,8.3422741425809299e-05
1171,-0.2719291753352745,-0.27201386423045043,8.468889517593281e-05
1172,-0.78785367708005893,-0.78777018571222535,8.3491367833588015e-05
1173,-0.52141061400917721,-0.52149179041630789,8.1176407130678641e-05
1174,-0.70726093169877713,-0.70717434247642297,8.6589222354160889e-05
1175,-0.49624530351764951,-0.49633338400369176,8.8080486042252382e-05
1176,-0.065699388456553154,-0.065612208045291456,8.718041126169751e-05
1177,-0.38472198288017284,-0.38480817366347531,8.6190783302464435e-05
1178,-0.21662091389357688,-0.2165311355873247,8.9778306252175089e-05
1179,-0.40987901927071785,-0.40996966960349285,9.0650332774999676e-05
1180,-0.78785367707993659,-0.78776400613817976,8.9670941756825329e-05
1181,-0.38346077007380114,-0.38354834522970849,8.7575155907348989e-05
1182,-0.43666257896689803,-0.43656998200681596,9.2596960082069746e-05
1183,-0.10339738493176655,-0.10349228223211641,9.4897300349866542e-05
1184,0.43430117078359182,0.43439423750959955,9.3066726007728917e-05
1185,0.20321647592650766,0.20312311272623773,9.3363200269924729e-05
1186,0.4366612992274867,0.43675693209243843,9.5632864951733509e-05
1187,0.28364167907901694,0.28354359621242731,9.8082866589632722e-05
1188,-0.080746105008289507,-0.080650495294204719,9.56097140847878e-05
1189,0.31005992827582712,0.30996477372562836,9.5154550198761623e-05
1190,0.216619634154012,0.21671837944863925,9.8745294627250457e-05
1191,0.48454107387501205,0.48443856335664287,0.00010251051836918101
1192,0.93430173002393568,0.93440127105582815,9.9541031892469434e-05
1193,0.59606439451257742,0.59596347909669212,0.00010091541588530539
1194,0.70725965195923524,0.70736217564887394,0.00010252368963870051
1195,0.42159152301438957,0.42148601029527083,0.00010551271911873883
1196,-0.080746105008238173,-0.080643136212575545,0.00010296879566262795
1197,0.1721100843405052,0.1720076399977121,0.00010244434279310655
1198,-0.053978718577841284,-0.053872140015873322,0.00010657856196796128
1199,0.091693155288990927,0.091583465479362566,0.0001096898096283605
1200,0.43430117078373742,0.43440897940442708,0.00010780862068965336
1201,0.0081259357057122897,0.0080178782453650052,0.00010805746034728454
1202,0.053977438838208214,0.054088585812632081,0.00011114697442386745
1203,-0.27192917533518701,-0.27204189963634406,0.00011272430115705223
1204,-0.78785367707990805,-0.787741833709942,0.00011184336996605815
1205,-0.52141061400932587,-0.52152046456376799,0.00010985055444212577
1206,-0.70726093169884552,-0.70714534050542788,0.00011559119341764124
1207,-0.49624530351761453,-0.4963627196104064,0.0001174160927918666
1208,-0.065699388456663399,-0.065582532853716,0.00011685560294739938
1209,-0.38472198288003989,-0.3848381945306189,0.00011621165057901228
1210,-0.21662091389349966,-0.21650076280807762,0.00012015108542204334
1211,-0.40987901927077947,-0.410000400680962,0.00012138141018253057
1212,-0.78785367708005472,-0.7877329102217101,0.00012076685834461198
1213,-0.38346077007369822,-0.38357981268563723,0.00011904261193901311
1214,-0.43666257896707306,-0.43653813614703457,0.00012444282003848395
1215,-0.10339738493207286,-0.10352451353008259,0.0001271285980097292
1216,0.43430117078373537,0.43442686145345266,0.00012569066971729326
1217,0.20321647592684416,0.20309008874843265,0.00012638717841151337
1218,0.43666129922737096,0.43679036367899221,0.00012906445162125246
1219,0.28364167907870302,0.28350974925121691,0.00013192982748611026
1220,-0.08074610500818348,-0.0806162249955511,0.00012988001263238014
1221,0.31005992827614487,0.3099300719222442,0.0001298563539006703
1222,0.21661963415386185,0.21675352113553303,0.00013388698167118851
1223,0.48454107387468565,0.48440297319019865,0.00013810068448699697
1224,0.93430173002415495,0.93443731852164991,0.00013558849749495394
1225,0.59606439451261906,0.59592696527914213,0.0001374292334769267
1226,0.70725965195901841,0.70739916511054923,0.00013951315153082344
1227,0.42159152301437353,0.42144853564891782,0.00014298736545570456
1228,-0.08074610500803886,-0.080605166585272336,0.00014093842276652335
1229,0.17211008434052585,0.17196916532867038,0.00014091901185547817
1230,-0.053978718578057049,-0.053833149969960137,0.0001455686080969118
1231,0.091693155288998504,0.091543949437729033,0.00014920585126947106
1232,0.43430117078371028,0.43444903235315102,0.00014786156944074369
1233,0.0081259357058613441,0.0079772771746769427,0.00014865853118440145
1234,0.053977438838306767,0.05412974653466842,0.0001523076963616532
1235,-0.27192917533525424,-0.27208363186361573,0.00015445652836149071
1236,-0.78785367708003273,-0.78769951778669034,0.00015415929334239298
1237,-0.52141061400921063,-0.52156337672294295,0.00015276271373232397
1238,-0.70726093169884507,-0.70710181920903259,0.00015911248981248516
1239,-0.49624530351788326,-0.49640686331998896,0.00016155980210569298
1240,-0.065699388456537666,-0.06553775306716679,0.00016163538937087607
1241,-0.38472198287990239,-0.38488362446095109,0.0001616415810486993
1242,-0.21662091389351296,-0.21645466824888329,0.00016624564462966451
1243,-0.40987901927099218,-0.41004717478726038,0.00016815551626819802
1244,-0.78785367707999165,-0.78768544120068951,0.00016823587930214767
1245,-0.38346077007354051,-0.38362799245631712,0.00016722238277661061
1246,-0.43666257896704708,-0.43648922930631229,0.00017334966073478952
1247,-0.1033973849320672,-0.10357416426437344,0.00017677933230623999
1248,0.43430117078381825,0.43447727342861703,0.00017610264479878124
1249,0.20321647592674152,0.20303889764122698,0.00017757828551454025
1250,0.43666129922722557,0.4368423523748598,0.00018105314763422475
1251,0.28364167907892041,0.28345694392133297,0.00018473515758743453
1252,-0.080746105008058219,-0.080562583374027205,0.00018352163403101418
1253,0.31005992827596668,0.30987557371522545,0.00018435456074122891
1254,0.21661963415371194,0.2168088968848785,0.00018926273116656733
1255,0.48454107387489165,0.48434669825052817,0.00019437562436347422
1256,0.93430173002420069,0.93449451501900915,0.00019278499480845923
1257,0.59606439451250037,0.59586882410760167,0.00019557040489870392
1258,0.70725965195921892,0.70745827485439639,0.00019862289517746934
1259,0.42159152301450581,0.42138843262013653,0.00020309039436927634
1260,-0.080746105008203048,-0.080544044708067419,0.00020206030013562859
1261,0.1721100843403969,0.17190699815230762,0.00020308618808928536
1262,-0.053978718577869254,-0.053769910118002584,0.00020880845986667035
1263,0.091693155289049103,0.091479608566407758,0.00021354672264134456
1264,0.43430117078377045,0.43451450359900201,0.00021333281523155945
1265,0.0081259357059564157,0.0079106451432730141,0.00021529056268340153
1266,0.053977438838264093,0.054197570867832723,0.00022013202956863015
1267,-0.27192917533534261,-0.27215268117025293,0.00022350583491032028
1268,-0.78785367707998333,-0.78762920962569904,0.00022446745428428283
1269,-0.52141061400911126,-0.52163497888547228,0.00022436487636101621
1270,-0.70726093169882898,-0.7070288865710731,0.00023204512775587549
1271,-0.496245303517863,-0.49648116429674566,0.00023586077888265722
1272,-0.065699388456556249,-0.065462044430892971,0.0002373440256632775
1273,-0.38472198287987736,-0.38496078160582248,0.00023879872594512186
1274,-0.216620913893592,-0.21637602014247437,0.00024489375111763634
1275,-0.40987901927079523,-0.41012735799206429,0.00024833872126905909
1276,-0.78785367707985432,-0.78760367699126888,0.00025000008858544476
1277,-0.38346077007373097,-0.3837113854348273,0.00025061536109632909
1278,-0.43666257896718619,-0.43640415783961567,0.00025842112757051838
1279,-0.10339738493189807,-0.10366096599552591,0.00026358106362783795
1280,0.43430117078386032,0.43456585936515574,0.00026468858129541362
1281,0.20321647592661518,0.20294847127882823,0.00026800464778695132
1282,0.43666129922741975,0.43693467778629053,0.00027337855887077378
1283,0.283641679078947,0.28336265830463919,0.00027902077430780325
1284,-0.080746105008217689,-0.08046627372268611,0.00027983128553157877
1285,0.31005992827590667,0.30977717337798949,0.00028275489791718122
1286,0.21661963415389432,0.2169094575393703,0.00028982338547597908
1287,0.48454107387490364,0.48424390449716215,0.00029716937774149077
1288,0.93430173002410399,0.93459961798554259,0.00029788796143859209
1289,0.59606439451266635,0.59576133228684625,0.00030306222582010545
1290,0.7072596519591533,0.70756823890596332,0.00030858694681001886
1291,0.42159152301431618,0.4212759090021817,0.0003156140121344797
1292,-0.080746105008160457,-0.080428869989672969,0.00031723501848748836
1293,0.17211008434048086,0.17178907634210777,0.00032100799837309069
1294,-0.05397871857804331,-0.053649140490446001,0.00032957808759730839
1295,0.091693155289150577,0.09135588536321658,0.00033726992593399729
1296,0.43430117078387992,0.4346412914901947,0.00034012070631478375
1297,0.0081259357056509551,0.0077806757510290384,0.00034525995462191678
1298,0.053977438838052678,0.054330844648605686,0.00035340581055300774
1299,-0.27192917533505223,-0.27228938870777936,0.00036021337272712506
1300,-0.78785367707973686,-0.78748893204585901,0.00036474503387784463
1301,-0.52141061400939082,-0.52177897018310671,0.00036835617371588913
1302,-0.70726093169903392,-0.70688102997533309,0.0003799017237008373
1303,-0.49624530351760965,-0.49663304623444865,0.0003877427168390013
1304,-0.065699388456408311,-0.065305968038575649,0.00039342041783266279
1305,-0.384721982880255,-0.38512123129321585,0.0003992484129608509
1306,-0.21662091389357729,-0.21621100787276198,0.00040990602081530936
1307,-0.4098790192705743,-0.41029713336348278,0.00041811409290848367
1308,-0.78785367707993958,-0.78742892591027203,0.00042475116966755877
1309,-0.38346077007392848,-0.38389133785876062,0.00043056778483213654
1310,-0.43666257896710065,-0.43621876438700757,0.00044381458009307151
1311,-0.10339738493172025,-0.10385205534298914,0.0004546704112688843
1312,0.43430117078371755,0.43476291589332811,0.00046174510961055626
1313,0.20321647592647657,0.20274515850083391,0.00047131742564265888
1314,0.43666129922728281,0.43714455517003326,0.00048325594275044903
1315,0.2836416790789279,0.28314588700875015,0.0004957920701777474
1316,-0.080746105008072402,-0.080242256419970834,0.00050384858810156863
1317,0.31005992827593326,0.30954553314582967,0.00051439513010359539
1318,0.21661963415376784,0.21714912471806652,0.00052949056429868468
1319,0.48454107387483519,0.4839957767378712,0.00054529713696399584
1320,0.93430173002414119,0.93485667239016579,0.00055494236602460223
1321,0.59606439451238058,0.59549484959343335,0.00056954491894722903
1322,0.70725965195892049,0.707844690635823,0.00058503867690251621
1323,0.42159152301461972,0.42098890441926079,0.00060261859535892803
