row,row_error,cumulative_error
0,0.000000,0.000000
1,-64.000000,-64.000000
2,-128.000000,-192.000000
3,-192.000000,-384.000000
4,-256.000000,-640.000000
5,-320.000000,-960.000000
6,-384.000000,-1344.000000
7,-448.000000,-1792.000000
8,-512.000000,-2304.000000
9,-576.000000,-2880.000000
10,-640.000000,-3520.000000
11,-704.000000,-4224.000000
12,2802.000000,-1422.000000
13,-832.000000,-2254.000000
14,-896.000000,-3150.000000
15,-705.000000,-3855.000000
16,1271.000000,-2584.000000
17,187.000000,-2397.000000
18,-897.000000,-3294.000000
19,569.000000,-2725.000000
20,-515.000000,-3240.000000
21,-69.000000,-3309.000000
22,377.000000,-2932.000000
23,-452.000000,-3384.000000
24,759.000000,-2625.000000
25,-580.000000,-3205.000000
26,376.000000,-2829.000000
27,-708.000000,-3537.000000
28,1013.000000,-2524.000000
29,-836.000000,-3360.000000
30,-645.000000,-4005.000000
31,1331.000000,-2674.000000
32,-518.000000,-3192.000000
33,-582.000000,-3774.000000
34,629.000000,-3145.000000
35,-200.000000,-3345.000000
36,246.000000,-3099.000000
37,-328.000000,-3427.000000
38,118.000000,-3309.000000
39,54.000000,-3255.000000
40,-265.000000,-3520.000000
41,-74.000000,-3594.000000
42,627.000000,-2967.000000
43,-457.000000,-3424.000000
44,499.000000,-2925.000000
45,-840.000000,-3765.000000
46,371.000000,-3394.000000
47,-713.000000,-4107.000000
48,1008.000000,-3099.000000
49,179.000000,-2920.000000
50,-395.000000,-3315.000000
51,306.000000,-3009.000000
52,-268.000000,-3277.000000
53,-332.000000,-3609.000000
54,879.000000,-2730.000000
55,-970.000000,-3700.000000
56,1006.000000,-2694.000000
57,-843.000000,-3537.000000
58,368.000000,-3169.000000
59,49.000000,-3120.000000
60,-270.000000,-3390.000000
61,176.000000,-3214.000000
62,-398.000000,-3612.000000
63,48.000000,-3564.000000
64,239.000000,-3325.000000
65,-335.000000,-3660.000000
66,366.000000,-3294.000000
67,-718.000000,-4012.000000
68,748.000000,-3264.000000
69,-336.000000,-3600.000000
70,-145.000000,-3745.000000
71,811.000000,-2934.000000
72,-528.000000,-3462.000000
73,173.000000,-3289.000000
74,109.000000,-3180.000000
75,45.000000,-3135.000000
76,236.000000,-2899.000000
77,-338.000000,-3237.000000
78,108.000000,-3129.000000
79,44.000000,-3085.000000
80,-275.000000,-3360.000000
81,-84.000000,-3444.000000
82,362.000000,-3082.000000
83,-212.000000,-3294.000000
84,234.000000,-3060.000000
85,-340.000000,-3400.000000
86,-149.000000,-3549.000000
87,42.000000,-3507.000000
88,-277.000000,-3784.000000
89,-86.000000,-3870.000000
90,360.000000,-3510.000000
91,-214.000000,-3724.000000
92,232.000000,-3492.000000
93,168.000000,-3324.000000
94,-151.000000,-3475.000000
95,40.000000,-3435.000000
96,-279.000000,-3714.000000
97,422.000000,-3292.000000
98,-407.000000,-3699.000000
99,39.000000,-3660.000000
100,230.000000,-3430.000000
101,166.000000,-3264.000000
102,-408.000000,-3672.000000
103,38.000000,-3634.000000
104,229.000000,-3405.000000
105,165.000000,-3240.000000
106,101.000000,-3139.000000
107,37.000000,-3102.000000
108,-282.000000,-3384.000000
109,164.000000,-3220.000000
110,355.000000,-2865.000000
111,-729.000000,-3594.000000
112,737.000000,-2857.000000
113,-92.000000,-2949.000000
114,-411.000000,-3360.000000
115,290.000000,-3070.000000
116,226.000000,-2844.000000
117,-348.000000,-3192.000000
118,353.000000,-2839.000000
119,-221.000000,-3060.000000
120,225.000000,-2835.000000
121,-94.000000,-2929.000000
122,-158.000000,-3087.000000
123,33.000000,-3054.000000
124,224.000000,-2830.000000
125,160.000000,-2670.000000
126,-159.000000,-2829.000000
127,287.000000,-2542.000000
128,-287.000000,-2829.000000
129,-96.000000,-2925.000000
130,-160.000000,-3085.000000
131,-224.000000,-3309.000000
132,-33.000000,-3342.000000
133,-352.000000,-3694.000000
134,-416.000000,-4110.000000
135,540.000000,-3570.000000
136,731.000000,-2839.000000
137,-353.000000,-3192.000000
138,-417.000000,-3609.000000
139,29.000000,-3580.000000
140,730.000000,-2850.000000
141,-609.000000,-3459.000000
142,92.000000,-3367.000000
143,283.000000,-3084.000000
144,-291.000000,-3375.000000
145,155.000000,-3220.000000
146,91.000000,-3129.000000
147,-228.000000,-3357.000000
148,473.000000,-2884.000000
149,-356.000000,-3240.000000
150,345.000000,-2895.000000
151,-229.000000,-3124.000000
152,472.000000,-2652.000000
153,-102.000000,-2754.000000
154,-421.000000,-3175.000000
155,535.000000,-2640.000000
156,-39.000000,-2679.000000
157,-358.000000,-3037.000000
158,598.000000,-2439.000000
159,-231.000000,-2670.000000
160,470.000000,-2200.000000
161,-359.000000,-2559.000000
162,-168.000000,-2727.000000
163,788.000000,-1939.000000
164,-551.000000,-2490.000000
165,405.000000,-2085.000000
166,-169.000000,-2254.000000
167,-233.000000,-2487.000000
168,213.000000,-2274.000000
169,404.000000,-1870.000000
170,-170.000000,-2040.000000
171,-234.000000,-2274.000000
172,-43.000000,-2317.000000
173,403.000000,-1914.000000
174,-171.000000,-2085.000000
175,20.000000,-2065.000000
176,-44.000000,-2109.000000
177,-108.000000,-2217.000000
178,83.000000,-2134.000000
179,274.000000,-1860.000000
180,210.000000,-1650.000000
181,-364.000000,-2014.000000
182,82.000000,-1932.000000
183,273.000000,-1659.000000
184,-301.000000,-1960.000000
185,-110.000000,-2070.000000
186,846.000000,-1224.000000
187,-493.000000,-1717.000000
188,208.000000,-1509.000000
189,-111.000000,-1620.000000
190,80.000000,-1540.000000
191,-494.000000,-2034.000000
192,462.000000,-1572.000000
193,-112.000000,-1684.000000
194,334.000000,-1350.000000
195,-750.000000,-2100.000000
196,971.000000,-1129.000000
197,-623.000000,-1752.000000
198,333.000000,-1419.000000
199,-241.000000,-1660.000000
200,460.000000,-1200.000000
201,-624.000000,-1824.000000
202,842.000000,-982.000000
203,-242.000000,-1224.000000
204,-51.000000,-1275.000000
205,140.000000,-1135.000000
206,586.000000,-549.000000
207,-753.000000,-1302.000000
208,203.000000,-1099.000000
209,394.000000,-705.000000
210,-180.000000,-885.000000
211,266.000000,-619.000000
212,-563.000000,-1182.000000
213,1158.000000,-24.000000
214,-946.000000,-970.000000
215,775.000000,-195.000000
216,-564.000000,-759.000000
217,647.000000,-112.000000
218,-182.000000,-294.000000
219,9.000000,-285.000000
220,710.000000,425.000000
221,-119.000000,306.000000
222,-438.000000,-132.000000
223,263.000000,131.000000
224,454.000000,585.000000
225,135.000000,720.000000
226,-184.000000,536.000000
227,7.000000,543.000000
228,453.000000,996.000000
229,-376.000000,620.000000
230,-185.000000,435.000000
231,771.000000,1206.000000
232,-313.000000,893.000000
233,133.000000,1026.000000
234,579.000000,1605.000000
235,-505.000000,1100.000000
236,451.000000,1551.000000
237,-123.000000,1428.000000
238,68.000000,1496.000000
239,259.000000,1755.000000
240,-60.000000,1695.000000
241,386.000000,2081.000000
242,-188.000000,1893.000000
243,3.000000,1896.000000
244,194.000000,2090.000000
245,130.000000,2220.000000
246,321.000000,2541.000000
247,257.000000,2798.000000
248,-62.000000,2736.000000
249,-126.000000,2610.000000
250,-190.000000,2420.000000
251,1.000000,2421.000000
252,192.000000,2613.000000
253,128.000000,2741.000000
254,64.000000,2805.000000
255,0.000000,2805.000000
