ideal_seconds,video_raw_seconds,audio_raw_seconds,video_corrected_seconds,audio_corrected_seconds,video_raw_error_ns,audio_raw_error_ns,video_residual_ns,audio_residual_ns,raw_av_diff_ns,corrected_av_diff_ns
0,1/5,2/25,0,200/199997,200000000,80000000,0,1000015,120000000,-1000015
3600,900077/250,1800013/500,3600,719989400/199997,308000000,26000000,0,1000015,282000000,-1000015
7200,900052/125,1799993/250,7200,1439978600/199997,416000000,-28000000,0,1000015,444000000,-1000015
10800,2700131/250,5399959/500,10800,2159967800/199997,524000000,-82000000,0,1000015,606000000,-1000015
14400,1800079/125,1799983/125,14400,2879957000/199997,632000000,-136000000,0,1000015,768000000,-1000015
18000,900037/50,1799981/100,18000,3599946200/199997,740000000,-190000000,0,1000015,930000000,-1000015
21600,2700106/125,5399939/250,21600,4319935400/199997,848000000,-244000000,0,1000015,1092000000,-1000015
25200,6300239/250,12599851/500,25200,5039924600/199997,956000000,-298000000,0,1000015,1254000000,-1000015
28800,3600133/125,3599956/125,28800,5759913800/199997,1064000000,-352000000,0,1000015,1416000000,-1000015
32400,8100293/250,16199797/500,32400,6479903000/199997,1172000000,-406000000,0,1000015,1578000000,-1000015
36000,900032/25,1799977/50,36000,7199892200/199997,1280000000,-460000000,0,1000015,1740000000,-1000015
39600,9900347/250,19799743/500,39600,7919881400/199997,1388000000,-514000000,0,1000015,1902000000,-1000015
43200,5400187/125,5399929/125,43200,8639870600/199997,1496000000,-568000000,0,1000015,2064000000,-1000015
46800,11700401/250,23399689/500,46800,9359859800/199997,1604000000,-622000000,0,1000015,2226000000,-1000015
50400,6300214/125,12599831/250,50400,10079849000/199997,1712000000,-676000000,0,1000015,2388000000,-1000015
54000,2700091/50,5399927/100,54000,10799838200/199997,1820000000,-730000000,0,1000015,2550000000,-1000015
57600,7200241/125,7199902/125,57600,11519827400/199997,1928000000,-784000000,0,1000015,2712000000,-1000015
61200,15300509/250,30599581/500,61200,12239816600/199997,2036000000,-838000000,0,1000015,2874000000,-1000015
64800,8100268/125,16199777/250,64800,12959805800/199997,2144000000,-892000000,0,1000015,3036000000,-1000015
68400,17100563/250,34199527/500,68400,13679795000/199997,2252000000,-946000000,0,1000015,3198000000,-1000015
72000,1800059/25,71999,72000,14399784200/199997,2360000000,-1000000000,0,1000015,3360000000,-1000015
75600,18900617/250,37799473/500,75600,15119773400/199997,2468000000,-1054000000,0,1000015,3522000000,-1000015
79200,9900322/125,19799723/250,79200,15839762600/199997,2576000000,-1108000000,0,1000015,3684000000,-1000015
82800,20700671/250,41399419/500,82800,16559751800/199997,2684000000,-1162000000,0,1000015,3846000000,-1000015
86399999/1000,7776251189/90000,86398783/1000,77762331890/900027,86400,2791988888,-1216000000,-11080,1000000,4007988888,-1011080
86400,10800349/125,86398783/1000,86400,86400,2792000000,-1217000000,0,0,4009000000,0
86400001/1000,86402793/1000,4147141631/48000,8640259300/100003,103678445975/1199982,2792000000,-1217020833,-29,-20818,4009020833,20788
90000,900029/10,89998729/1000,90000,90000,2900000000,-1271000000,0,0,4171000000,0
93600,11700376/125,3743947/40,93600,93600,3008000000,-1325000000,0,0,4333000000,0
97200,24300779/250,97198621/1000,97200,97200,3116000000,-1379000000,0,0,4495000000,0
100800,12600403/125,100798567/1000,100800,100800,3224000000,-1433000000,0,0,4657000000,0
104400,26100833/250,104398513/1000,104400,104400,3332000000,-1487000000,0,0,4819000000,0
108000,2700086/25,107998459/1000,108000,108000,3440000000,-1541000000,0,0,4981000000,0
111600,27900887/250,22319681/200,111600,111600,3548000000,-1595000000,0,0,5143000000,0
115200,14400457/125,115198351/1000,115200,115200,3656000000,-1649000000,0,0,5305000000,0
118800,29700941/250,118798297/1000,118800,118800,3764000000,-1703000000,0,0,5467000000,0
122400,15300484/125,122398243/1000,122400,122400,3872000000,-1757000000,0,0,5629000000,0
126000,6300199/50,125998189/1000,126000,126000,3980000000,-1811000000,0,0,5791000000,0
129600,16200511/125,25919627/200,129600,129600,4088000000,-1865000000,0,0,5953000000,0
133200,33301049/250,133198081/1000,133200,133200,4196000000,-1919000000,0,0,6115000000,0
136800,17100538/125,136798027/1000,136800,136800,4304000000,-1973000000,0,0,6277000000,0
140400,35101103/250,140397973/1000,140400,140400,4412000000,-2027000000,0,0,6439000000,0
144000,3600113/25,143997919/1000,144000,144000,4520000000,-2081000000,0,0,6601000000,0
147600,36901157/250,29519573/200,147600,147600,4628000000,-2135000000,0,0,6763000000,0
151200,18900592/125,151197811/1000,151200,151200,4736000000,-2189000000,0,0,6925000000,0
154800,38701211/250,154797757/1000,154800,154800,4844000000,-2243000000,0,0,7087000000,0
158400,19800619/125,158397703/1000,158400,158400,4952000000,-2297000000,0,0,7249000000,0
162000,8100253/50,161997649/1000,162000,162000,5060000000,-2351000000,0,0,7411000000,0
165600,20700646/125,33119519/200,165600,165600,5168000000,-2405000000,0,0,7573000000,0
169200,42301319/250,169197541/1000,169200,169200,5276000000,-2459000000,0,0,7735000000,0
172800,21600673/125,172797487/1000,172800,172800,5384000000,-2513000000,0,0,7897000000,0
176400,44101373/250,176397433/1000,176400,176400,5492000000,-2567000000,0,0,8059000000,0
180000,900028/5,179997379/1000,180000,180000,5600000000,-2621000000,0,0,8221000000,0
183600,45901427/250,7343893/40,183600,183600,5708000000,-2675000000,0,0,8383000000,0
187200,23400727/125,187197271/1000,187200,187200,5816000000,-2729000000,0,0,8545000000,0
190800,47701481/250,190797217/1000,190800,190800,5924000000,-2783000000,0,0,8707000000,0
194400,24300754/125,194397163/1000,194400,194400,6032000000,-2837000000,0,0,8869000000,0
198000,9900307/50,197997109/1000,198000,198000,6140000000,-2891000000,0,0,9031000000,0
201600,25200781/125,40319411/200,201600,201600,6248000000,-2945000000,0,0,9193000000,0
205200,51301589/250,205197001/1000,205200,205200,6356000000,-2999000000,0,0,9355000000,0
208800,26100808/125,208796947/1000,208800,208800,6464000000,-3053000000,0,0,9517000000,0
212400,53101643/250,212396893/1000,212400,212400,6572000000,-3107000000,0,0,9679000000,0
216000,5400167/25,215996839/1000,216000,216000,6680000000,-3161000000,0,0,9841000000,0
219600,54901697/250,43919357/200,219600,219600,6788000000,-3215000000,0,0,10003000000,0
223200,27900862/125,223196731/1000,223200,223200,6896000000,-3269000000,0,0,10165000000,0
226800,56701751/250,226796677/1000,226800,226800,7004000000,-3323000000,0,0,10327000000,0
230400,28800889/125,230396623/1000,230400,230400,7112000000,-3377000000,0,0,10489000000,0
234000,11700361/50,233996569/1000,234000,234000,7220000000,-3431000000,0,0,10651000000,0
237600,29700916/125,47519303/200,237600,237600,7328000000,-3485000000,0,0,10813000000,0
241200,60301859/250,241196461/1000,241200,241200,7436000000,-3539000000,0,0,10975000000,0
244800,30600943/125,244796407/1000,244800,244800,7544000000,-3593000000,0,0,11137000000,0
248400,62101913/250,248396353/1000,248400,248400,7652000000,-3647000000,0,0,11299000000,0
252000,6300194/25,251996299/1000,252000,252000,7760000000,-3701000000,0,0,11461000000,0
255600,63901967/250,51119249/200,255600,255600,7868000000,-3755000000,0,0,11623000000,0
259200,32400997/125,259196191/1000,259200,259200,7976000000,-3809000000,0,0,11785000000,0
262800,65702021/250,262796137/1000,262800,262800,8084000000,-3863000000,0,0,11947000000,0
266400,33301024/125,266396083/1000,266400,266400,8192000000,-3917000000,0,0,12109000000,0
270000,2700083/10,269996029/1000,270000,270000,8300000000,-3971000000,0,0,12271000000,0
273600,34201051/125,10943839/40,273600,273600,8408000000,-4025000000,0,0,12433000000,0
277200,69302129/250,277195921/1000,277200,277200,8516000000,-4079000000,0,0,12595000000,0
280800,35101078/125,280795867/1000,280800,280800,8624000000,-4133000000,0,0,12757000000,0
284400,71102183/250,284395813/1000,284400,284400,8732000000,-4187000000,0,0,12919000000,0
288000,7200221/25,287995759/1000,288000,288000,8840000000,-4241000000,0,0,13081000000,0
291600,72902237/250,58319141/200,291600,291600,8948000000,-4295000000,0,0,13243000000,0
295200,36901132/125,295195651/1000,295200,295200,9056000000,-4349000000,0,0,13405000000,0
298800,74702291/250,298795597/1000,298800,298800,9164000000,-4403000000,0,0,13567000000,0
302400,37801159/125,302395543/1000,302400,302400,9272000000,-4457000000,0,0,13729000000,0
306000,15300469/50,305995489/1000,306000,306000,9380000000,-4511000000,0,0,13891000000,0
309600,38701186/125,61919087/200,309600,309600,9488000000,-4565000000,0,0,14053000000,0
313200,78302399/250,313195381/1000,313200,313200,9596000000,-4619000000,0,0,14215000000,0
316800,39601213/125,316795327/1000,316800,316800,9704000000,-4673000000,0,0,14377000000,0
320400,80102453/250,320395273/1000,320400,320400,9812000000,-4727000000,0,0,14539000000,0
324000,8100248/25,323995219/1000,324000,324000,9920000000,-4781000000,0,0,14701000000,0
327600,81902507/250,65519033/200,327600,327600,10028000000,-4835000000,0,0,14863000000,0
331200,41401267/125,331195111/1000,331200,331200,10136000000,-4889000000,0,0,15025000000,0
334800,83702561/250,334795057/1000,334800,334800,10244000000,-4943000000,0,0,15187000000,0
338400,42301294/125,338395003/1000,338400,338400,10352000000,-4997000000,0,0,15349000000,0
342000,17100523/50,341994949/1000,342000,342000,10460000000,-5051000000,0,0,15511000000,0
345600,43201321/125,69118979/200,345600,345600,10568000000,-5105000000,0,0,15673000000,0
349200,87302669/250,349194841/1000,349200,349200,10676000000,-5159000000,0,0,15835000000,0
352800,44101348/125,352794787/1000,352800,352800,10784000000,-5213000000,0,0,15997000000,0
356400,89102723/250,356394733/1000,356400,356400,10892000000,-5267000000,0,0,16159000000,0
360000,360011,359994679/1000,360000,360000,11000000000,-5321000000,0,0,16321000000,0
363600,90902777/250,2908757/8,363600,363600,11108000000,-5375000000,0,0,16483000000,0
367200,45901402/125,367194571/1000,367200,367200,11216000000,-5429000000,0,0,16645000000,0
370800,92702831/250,370794517/1000,370800,370800,11324000000,-5483000000,0,0,16807000000,0
374400,46801429/125,374394463/1000,374400,374400,11432000000,-5537000000,0,0,16969000000,0
378000,18900577/50,377994409/1000,378000,378000,11540000000,-5591000000,0,0,17131000000,0
381600,47701456/125,76318871/200,381600,381600,11648000000,-5645000000,0,0,17293000000,0
385200,96302939/250,385194301/1000,385200,385200,11756000000,-5699000000,0,0,17455000000,0
388800,48601483/125,388794247/1000,388800,388800,11864000000,-5753000000,0,0,17617000000,0
392400,98102993/250,392394193/1000,392400,392400,11972000000,-5807000000,0,0,17779000000,0
396000,9900302/25,395994139/1000,396000,396000,12080000000,-5861000000,0,0,17941000000,0
399600,99903047/250,79918817/200,399600,399600,12188000000,-5915000000,0,0,18103000000,0
403200,50401537/125,403194031/1000,403200,403200,12296000000,-5969000000,0,0,18265000000,0
406800,101703101/250,406793977/1000,406800,406800,12404000000,-6023000000,0,0,18427000000,0
410400,51301564/125,410393923/1000,410400,410400,12512000000,-6077000000,0,0,18589000000,0
414000,20700631/50,413993869/1000,414000,414000,12620000000,-6131000000,0,0,18751000000,0
417600,52201591/125,83518763/200,417600,417600,12728000000,-6185000000,0,0,18913000000,0
421200,105303209/250,421193761/1000,421200,421200,12836000000,-6239000000,0,0,19075000000,0
424800,53101618/125,424793707/1000,424800,424800,12944000000,-6293000000,0,0,19237000000,0
428400,107103263/250,428393653/1000,428400,428400,13052000000,-6347000000,0,0,19399000000,0
432000,10800329/25,431993599/1000,432000,432000,13160000000,-6401000000,0,0,19561000000,0
435600,108903317/250,87118709/200,435600,435600,13268000000,-6455000000,0,0,19723000000,0
439200,54901672/125,439193491/1000,439200,439200,13376000000,-6509000000,0,0,19885000000,0
442800,110703371/250,442793437/1000,442800,442800,13484000000,-6563000000,0,0,20047000000,0
446400,55801699/125,446393383/1000,446400,446400,13592000000,-6617000000,0,0,20209000000,0
450000,4500137/10,449993329/1000,450000,450000,13700000000,-6671000000,0,0,20371000000,0
453600,56701726/125,18143731/40,453600,453600,13808000000,-6725000000,0,0,20533000000,0
457200,114303479/250,457193221/1000,457200,457200,13916000000,-6779000000,0,0,20695000000,0
460800,57601753/125,460793167/1000,460800,460800,14024000000,-6833000000,0,0,20857000000,0
464400,116103533/250,464393113/1000,464400,464400,14132000000,-6887000000,0,0,21019000000,0
468000,11700356/25,467993059/1000,468000,468000,14240000000,-6941000000,0,0,21181000000,0
471600,117903587/250,94318601/200,471600,471600,14348000000,-6995000000,0,0,21343000000,0
475200,59401807/125,475192951/1000,475200,475200,14456000000,-7049000000,0,0,21505000000,0
478800,119703641/250,478792897/1000,478800,478800,14564000000,-7103000000,0,0,21667000000,0
482400,60301834/125,482392843/1000,482400,482400,14672000000,-7157000000,0,0,21829000000,0
486000,24300739/50,485992789/1000,486000,486000,14780000000,-7211000000,0,0,21991000000,0
489600,61201861/125,97918547/200,489600,489600,14888000000,-7265000000,0,0,22153000000,0
493200,123303749/250,493192681/1000,493200,493200,14996000000,-7319000000,0,0,22315000000,0
496800,62101888/125,496792627/1000,496800,496800,15104000000,-7373000000,0,0,22477000000,0
500400,125103803/250,500392573/1000,500400,500400,15212000000,-7427000000,0,0,22639000000,0
504000,12600383/25,503992519/1000,504000,504000,15320000000,-7481000000,0,0,22801000000,0
507600,126903857/250,101518493/200,507600,507600,15428000000,-7535000000,0,0,22963000000,0
511200,63901942/125,511192411/1000,511200,511200,15536000000,-7589000000,0,0,23125000000,0
514800,128703911/250,514792357/1000,514800,514800,15644000000,-7643000000,0,0,23287000000,0
518400,64801969/125,518392303/1000,518400,518400,15752000000,-7697000000,0,0,23449000000,0
522000,26100793/50,521992249/1000,522000,522000,15860000000,-7751000000,0,0,23611000000,0
525600,65701996/125,105118439/200,525600,525600,15968000000,-7805000000,0,0,23773000000,0
529200,132304019/250,529192141/1000,529200,529200,16076000000,-7859000000,0,0,23935000000,0
532800,66602023/125,532792087/1000,532800,532800,16184000000,-7913000000,0,0,24097000000,0
536400,134104073/250,536392033/1000,536400,536400,16292000000,-7967000000,0,0,24259000000,0
540000,2700082/5,539991979/1000,540000,540000,16400000000,-8021000000,0,0,24421000000,0
543600,135904127/250,21743677/40,543600,543600,16508000000,-8075000000,0,0,24583000000,0
547200,68402077/125,547191871/1000,547200,547200,16616000000,-8129000000,0,0,24745000000,0
550800,137704181/250,550791817/1000,550800,550800,16724000000,-8183000000,0,0,24907000000,0
554400,69302104/125,554391763/1000,554400,554400,16832000000,-8237000000,0,0,25069000000,0
558000,27900847/50,557991709/1000,558000,558000,16940000000,-8291000000,0,0,25231000000,0
561600,70202131/125,112318331/200,561600,561600,17048000000,-8345000000,0,0,25393000000,0
565200,141304289/250,565191601/1000,565200,565200,17156000000,-8399000000,0,0,25555000000,0
568800,71102158/125,568791547/1000,568800,568800,17264000000,-8453000000,0,0,25717000000,0
572400,143104343/250,572391493/1000,572400,572400,17372000000,-8507000000,0,0,25879000000,0
576000,14400437/25,575991439/1000,576000,576000,17480000000,-8561000000,0,0,26041000000,0
579600,144904397/250,115918277/200,579600,579600,17588000000,-8615000000,0,0,26203000000,0
583200,72902212/125,583191331/1000,583200,583200,17696000000,-8669000000,0,0,26365000000,0
586800,146704451/250,586791277/1000,586800,586800,17804000000,-8723000000,0,0,26527000000,0
590400,73802239/125,590391223/1000,590400,590400,17912000000,-8777000000,0,0,26689000000,0
594000,29700901/50,593991169/1000,594000,594000,18020000000,-8831000000,0,0,26851000000,0
597600,74702266/125,119518223/200,597600,597600,18128000000,-8885000000,0,0,27013000000,0
601200,150304559/250,601191061/1000,601200,601200,18236000000,-8939000000,0,0,27175000000,0
604800,75602293/125,604791007/1000,604800,604800,18344000000,-8993000000,0,0,27337000000,0
608400,152104613/250,608390953/1000,608400,608400,18452000000,-9047000000,0,0,27499000000,0
612000,15300464/25,611990899/1000,612000,612000,18560000000,-9101000000,0,0,27661000000,0
615600,153904667/250,123118169/200,615600,615600,18668000000,-9155000000,0,0,27823000000,0
619200,77402347/125,619190791/1000,619200,619200,18776000000,-9209000000,0,0,27985000000,0
622800,155704721/250,622790737/1000,622800,622800,18884000000,-9263000000,0,0,28147000000,0
626400,78302374/125,626390683/1000,626400,626400,18992000000,-9317000000,0,0,28309000000,0
630000,6300191/10,629990629/1000,630000,630000,19100000000,-9371000000,0,0,28471000000,0
633600,79202401/125,25343623/40,633600,633600,19208000000,-9425000000,0,0,28633000000,0
637200,159304829/250,637190521/1000,637200,637200,19316000000,-9479000000,0,0,28795000000,0
640800,80102428/125,640790467/1000,640800,640800,19424000000,-9533000000,0,0,28957000000,0
644400,161104883/250,644390413/1000,644400,644400,19532000000,-9587000000,0,0,29119000000,0
648000,16200491/25,647990359/1000,648000,648000,19640000000,-9641000000,0,0,29281000000,0
651600,162904937/250,130318061/200,651600,651600,19748000000,-9695000000,0,0,29443000000,0
655200,81902482/125,655190251/1000,655200,655200,19856000000,-9749000000,0,0,29605000000,0
658800,164704991/250,658790197/1000,658800,658800,19964000000,-9803000000,0,0,29767000000,0
662400,82802509/125,662390143/1000,662400,662400,20072000000,-9857000000,0,0,29929000000,0
666000,33301009/50,665990089/1000,666000,666000,20180000000,-9911000000,0,0,30091000000,0
669600,83702536/125,133918007/200,669600,669600,20288000000,-9965000000,0,0,30253000000,0
673200,168305099/250,673189981/1000,673200,673200,20396000000,-10019000000,0,0,30415000000,0
676800,84602563/125,676789927/1000,676800,676800,20504000000,-10073000000,0,0,30577000000,0
680400,170105153/250,680389873/1000,680400,680400,20612000000,-10127000000,0,0,30739000000,0
684000,17100518/25,683989819/1000,684000,684000,20720000000,-10181000000,0,0,30901000000,0
687600,171905207/250,137517953/200,687600,687600,20828000000,-10235000000,0,0,31063000000,0
691200,86402617/125,691189711/1000,691200,691200,20936000000,-10289000000,0,0,31225000000,0
694800,173705261/250,694789657/1000,694800,694800,21044000000,-10343000000,0,0,31387000000,0
698400,87302644/125,698389603/1000,698400,698400,21152000000,-10397000000,0,0,31549000000,0
702000,35101063/50,701989549/1000,702000,702000,21260000000,-10451000000,0,0,31711000000,0
705600,88202671/125,141117899/200,705600,705600,21368000000,-10505000000,0,0,31873000000,0
709200,177305369/250,709189441/1000,709200,709200,21476000000,-10559000000,0,0,32035000000,0
712800,89102698/125,712789387/1000,712800,712800,21584000000,-10613000000,0,0,32197000000,0
716400,179105423/250,716389333/1000,716400,716400,21692000000,-10667000000,0,0,32359000000,0
720000,3600109/5,719989279/1000,720000,720000,21800000000,-10721000000,0,0,32521000000,0
723600,180905477/250,28943569/40,723600,723600,21908000000,-10775000000,0,0,32683000000,0
727200,90902752/125,727189171/1000,727200,727200,22016000000,-10829000000,0,0,32845000000,0
730800,182705531/250,730789117/1000,730800,730800,22124000000,-10883000000,0,0,33007000000,0
734400,91802779/125,734389063/1000,734400,734400,22232000000,-10937000000,0,0,33169000000,0
738000,36901117/50,737989009/1000,738000,738000,22340000000,-10991000000,0,0,33331000000,0
741600,92702806/125,148317791/200,741600,741600,22448000000,-11045000000,0,0,33493000000,0
745200,186305639/250,745188901/1000,745200,745200,22556000000,-11099000000,0,0,33655000000,0
748800,93602833/125,748788847/1000,748800,748800,22664000000,-11153000000,0,0,33817000000,0
752400,188105693/250,752388793/1000,752400,752400,22772000000,-11207000000,0,0,33979000000,0
756000,18900572/25,755988739/1000,756000,756000,22880000000,-11261000000,0,0,34141000000,0
759600,189905747/250,151917737/200,759600,759600,22988000000,-11315000000,0,0,34303000000,0
763200,95402887/125,763188631/1000,763200,763200,23096000000,-11369000000,0,0,34465000000,0
766800,191705801/250,766788577/1000,766800,766800,23204000000,-11423000000,0,0,34627000000,0
770400,96302914/125,770388523/1000,770400,770400,23312000000,-11477000000,0,0,34789000000,0
774000,38701171/50,773988469/1000,774000,774000,23420000000,-11531000000,0,0,34951000000,0
777600,97202941/125,155517683/200,777600,777600,23528000000,-11585000000,0,0,35113000000,0
781200,195305909/250,781188361/1000,781200,781200,23636000000,-11639000000,0,0,35275000000,0
784800,98102968/125,784788307/1000,784800,784800,23744000000,-11693000000,0,0,35437000000,0
788400,197105963/250,788388253/1000,788400,788400,23852000000,-11747000000,0,0,35599000000,0
792000,19800599/25,791988199/1000,792000,792000,23960000000,-11801000000,0,0,35761000000,0
795600,198906017/250,159117629/200,795600,795600,24068000000,-11855000000,0,0,35923000000,0
799200,99903022/125,799188091/1000,799200,799200,24176000000,-11909000000,0,0,36085000000,0
802800,200706071/250,802788037/1000,802800,802800,24284000000,-11963000000,0,0,36247000000,0
806400,100803049/125,806387983/1000,806400,806400,24392000000,-12017000000,0,0,36409000000,0
810000,1620049/2,809987929/1000,810000,810000,24500000000,-12071000000,0,0,36571000000,0
813600,101703076/125,6508703/8,813600,813600,24608000000,-12125000000,0,0,36733000000,0
817200,204306179/250,817187821/1000,817200,817200,24716000000,-12179000000,0,0,36895000000,0
820800,102603103/125,820787767/1000,820800,820800,24824000000,-12233000000,0,0,37057000000,0
824400,206106233/250,824387713/1000,824400,824400,24932000000,-12287000000,0,0,37219000000,0
828000,20700626/25,827987659/1000,828000,828000,25040000000,-12341000000,0,0,37381000000,0
831600,207906287/250,166317521/200,831600,831600,25148000000,-12395000000,0,0,37543000000,0
835200,104403157/125,835187551/1000,835200,835200,25256000000,-12449000000,0,0,37705000000,0
838800,209706341/250,838787497/1000,838800,838800,25364000000,-12503000000,0,0,37867000000,0
842400,105303184/125,842387443/1000,842400,842400,25472000000,-12557000000,0,0,38029000000,0
846000,42301279/50,845987389/1000,846000,846000,25580000000,-12611000000,0,0,38191000000,0
849600,106203211/125,169917467/200,849600,849600,25688000000,-12665000000,0,0,38353000000,0
853200,213306449/250,853187281/1000,853200,853200,25796000000,-12719000000,0,0,38515000000,0
856800,107103238/125,856787227/1000,856800,856800,25904000000,-12773000000,0,0,38677000000,0
860400,215106503/250,860387173/1000,860400,860400,26012000000,-12827000000,0,0,38839000000,0
864000,21600653/25,863987119/1000,864000,864000,26120000000,-12881000000,0,0,39001000000,0
867600,216906557/250,173517413/200,867600,867600,26228000000,-12935000000,0,0,39163000000,0
871200,108903292/125,871187011/1000,871200,871200,26336000000,-12989000000,0,0,39325000000,0
874800,218706611/250,874786957/1000,874800,874800,26444000000,-13043000000,0,0,39487000000,0
878400,109803319/125,878386903/1000,878400,878400,26552000000,-13097000000,0,0,39649000000,0
882000,44101333/50,881986849/1000,882000,882000,26660000000,-13151000000,0,0,39811000000,0
885600,110703346/125,177117359/200,885600,885600,26768000000,-13205000000,0,0,39973000000,0
889200,222306719/250,889186741/1000,889200,889200,26876000000,-13259000000,0,0,40135000000,0
892800,111603373/125,892786687/1000,892800,892800,26984000000,-13313000000,0,0,40297000000,0
896400,224106773/250,896386633/1000,896400,896400,27092000000,-13367000000,0,0,40459000000,0
900000,4500136/5,899986579/1000,900000,900000,27200000000,-13421000000,0,0,40621000000,0
903600,225906827/250,36143461/40,903600,903600,27308000000,-13475000000,0,0,40783000000,0
907200,113403427/125,907186471/1000,907200,907200,27416000000,-13529000000,0,0,40945000000,0
910800,227706881/250,910786417/1000,910800,910800,27524000000,-13583000000,0,0,41107000000,0
914400,114303454/125,914386363/1000,914400,914400,27632000000,-13637000000,0,0,41269000000,0
918000,45901387/50,917986309/1000,918000,918000,27740000000,-13691000000,0,0,41431000000,0
921600,115203481/125,184317251/200,921600,921600,27848000000,-13745000000,0,0,41593000000,0
925200,231306989/250,925186201/1000,925200,925200,27956000000,-13799000000,0,0,41755000000,0
928800,116103508/125,928786147/1000,928800,928800,28064000000,-13853000000,0,0,41917000000,0
932400,233107043/250,932386093/1000,932400,932400,28172000000,-13907000000,0,0,42079000000,0
936000,23400707/25,935986039/1000,936000,936000,28280000000,-13961000000,0,0,42241000000,0
939600,234907097/250,187917197/200,939600,939600,28388000000,-14015000000,0,0,42403000000,0
943200,117903562/125,943185931/1000,943200,943200,28496000000,-14069000000,0,0,42565000000,0
946800,236707151/250,946785877/1000,946800,946800,28604000000,-14123000000,0,0,42727000000,0
950400,118803589/125,950385823/1000,950400,950400,28712000000,-14177000000,0,0,42889000000,0
954000,47701441/50,953985769/1000,954000,954000,28820000000,-14231000000,0,0,43051000000,0
957600,119703616/125,191517143/200,957600,957600,28928000000,-14285000000,0,0,43213000000,0
961200,240307259/250,961185661/1000,961200,961200,29036000000,-14339000000,0,0,43375000000,0
964800,120603643/125,964785607/1000,964800,964800,29144000000,-14393000000,0,0,43537000000,0
968400,242107313/250,968385553/1000,968400,968400,29252000000,-14447000000,0,0,43699000000,0
972000,24300734/25,971985499/1000,972000,972000,29360000000,-14501000000,0,0,43861000000,0
975600,243907367/250,195117089/200,975600,975600,29468000000,-14555000000,0,0,44023000000,0
979200,122403697/125,979185391/1000,979200,979200,29576000000,-14609000000,0,0,44185000000,0
982800,245707421/250,982785337/1000,982800,982800,29684000000,-14663000000,0,0,44347000000,0
986400,123303724/125,986385283/1000,986400,986400,29792000000,-14717000000,0,0,44509000000,0
990000,9900299/10,989985229/1000,990000,990000,29900000000,-14771000000,0,0,44671000000,0
993600,124203751/125,39743407/40,993600,993600,30008000000,-14825000000,0,0,44833000000,0
997200,249307529/250,997185121/1000,997200,997200,30116000000,-14879000000,0,0,44995000000,0
1000800,125103778/125,1000785067/1000,1000800,1000800,30224000000,-14933000000,0,0,45157000000,0
1004400,251107583/250,1004385013/1000,1004400,1004400,30332000000,-14987000000,0,0,45319000000,0
1008000,25200761/25,1007984959/1000,1008000,1008000,30440000000,-15041000000,0,0,45481000000,0
1011600,252907637/250,202316981/200,1011600,1011600,30548000000,-15095000000,0,0,45643000000,0
1015200,126903832/125,1015184851/1000,1015200,1015200,30656000000,-15149000000,0,0,45805000000,0
1018800,254707691/250,1018784797/1000,1018800,1018800,30764000000,-15203000000,0,0,45967000000,0
1022400,127803859/125,1022384743/1000,1022400,1022400,30872000000,-15257000000,0,0,46129000000,0
1026000,51301549/50,1025984689/1000,1026000,1026000,30980000000,-15311000000,0,0,46291000000,0
1029600,128703886/125,205916927/200,1029600,1029600,31088000000,-15365000000,0,0,46453000000,0
1033200,258307799/250,1033184581/1000,1033200,1033200,31196000000,-15419000000,0,0,46615000000,0
1036800,129603913/125,1036784527/1000,1036800,1036800,31304000000,-15473000000,0,0,46777000000,0
1040400,260107853/250,1040384473/1000,1040400,1040400,31412000000,-15527000000,0,0,46939000000,0
1044000,26100788/25,1043984419/1000,1044000,1044000,31520000000,-15581000000,0,0,47101000000,0
1047600,261907907/250,209516873/200,1047600,1047600,31628000000,-15635000000,0,0,47263000000,0
1051200,131403967/125,1051184311/1000,1051200,1051200,31736000000,-15689000000,0,0,47425000000,0
1054800,263707961/250,1054784257/1000,1054800,1054800,31844000000,-15743000000,0,0,47587000000,0
1058400,132303994/125,1058384203/1000,1058400,1058400,31952000000,-15797000000,0,0,47749000000,0
1062000,53101603/50,1061984149/1000,1062000,1062000,32060000000,-15851000000,0,0,47911000000,0
1065600,133204021/125,213116819/200,1065600,1065600,32168000000,-15905000000,0,0,48073000000,0
1069200,267308069/250,1069184041/1000,1069200,1069200,32276000000,-15959000000,0,0,48235000000,0
1072800,134104048/125,1072783987/1000,1072800,1072800,32384000000,-16013000000,0,0,48397000000,0
1076400,269108123/250,1076383933/1000,1076400,1076400,32492000000,-16067000000,0,0,48559000000,0
1080000,5400163/5,1079983879/1000,1080000,1080000,32600000000,-16121000000,0,0,48721000000,0
1083600,270908177/250,43343353/40,1083600,1083600,32708000000,-16175000000,0,0,48883000000,0
1087200,135904102/125,1087183771/1000,1087200,1087200,32816000000,-16229000000,0,0,49045000000,0
1090800,272708231/250,1090783717/1000,1090800,1090800,32924000000,-16283000000,0,0,49207000000,0
1094400,136804129/125,1094383663/1000,1094400,1094400,33032000000,-16337000000,0,0,49369000000,0
1098000,54901657/50,1097983609/1000,1098000,1098000,33140000000,-16391000000,0,0,49531000000,0
1101600,137704156/125,220316711/200,1101600,1101600,33248000000,-16445000000,0,0,49693000000,0
1105200,276308339/250,1105183501/1000,1105200,1105200,33356000000,-16499000000,0,0,49855000000,0
1108800,138604183/125,1108783447/1000,1108800,1108800,33464000000,-16553000000,0,0,50017000000,0
1112400,278108393/250,1112383393/1000,1112400,1112400,33572000000,-16607000000,0,0,50179000000,0
1116000,27900842/25,1115983339/1000,1116000,1116000,33680000000,-16661000000,0,0,50341000000,0
1119600,279908447/250,223916657/200,1119600,1119600,33788000000,-16715000000,0,0,50503000000,0
1123200,140404237/125,1123183231/1000,1123200,1123200,33896000000,-16769000000,0,0,50665000000,0
1126800,281708501/250,1126783177/1000,1126800,1126800,34004000000,-16823000000,0,0,50827000000,0
1130400,141304264/125,1130383123/1000,1130400,1130400,34112000000,-16877000000,0,0,50989000000,0
1134000,56701711/50,1133983069/1000,1134000,1134000,34220000000,-16931000000,0,0,51151000000,0
1137600,142204291/125,227516603/200,1137600,1137600,34328000000,-16985000000,0,0,51313000000,0
1141200,285308609/250,1141182961/1000,1141200,1141200,34436000000,-17039000000,0,0,51475000000,0
1144800,143104318/125,1144782907/1000,1144800,1144800,34544000000,-17093000000,0,0,51637000000,0
1148400,287108663/250,1148382853/1000,1148400,1148400,34652000000,-17147000000,0,0,51799000000,0
1152000,28800869/25,1151982799/1000,1152000,1152000,34760000000,-17201000000,0,0,51961000000,0
1155600,288908717/250,231116549/200,1155600,1155600,34868000000,-17255000000,0,0,52123000000,0
1159200,144904372/125,1159182691/1000,1159200,1159200,34976000000,-17309000000,0,0,52285000000,0
1162800,290708771/250,1162782637/1000,1162800,1162800,35084000000,-17363000000,0,0,52447000000,0
1166400,145804399/125,1166382583/1000,1166400,1166400,35192000000,-17417000000,0,0,52609000000,0
1170000,11700353/10,1169982529/1000,1170000,1170000,35300000000,-17471000000,0,0,52771000000,0
1173600,146704426/125,46943299/40,1173600,1173600,35408000000,-17525000000,0,0,52933000000,0
1177200,294308879/250,1177182421/1000,1177200,1177200,35516000000,-17579000000,0,0,53095000000,0
1180800,147604453/125,1180782367/1000,1180800,1180800,35624000000,-17633000000,0,0,53257000000,0
1184400,296108933/250,1184382313/1000,1184400,1184400,35732000000,-17687000000,0,0,53419000000,0
1188000,29700896/25,1187982259/1000,1188000,1188000,35840000000,-17741000000,0,0,53581000000,0
1191600,297908987/250,238316441/200,1191600,1191600,35948000000,-17795000000,0,0,53743000000,0
1195200,149404507/125,1195182151/1000,1195200,1195200,36056000000,-17849000000,0,0,53905000000,0
1198800,299709041/250,1198782097/1000,1198800,1198800,36164000000,-17903000000,0,0,54067000000,0
1202400,150304534/125,1202382043/1000,1202400,1202400,36272000000,-17957000000,0,0,54229000000,0
1206000,60301819/50,1205981989/1000,1206000,1206000,36380000000,-18011000000,0,0,54391000000,0
1209600,151204561/125,241916387/200,1209600,1209600,36488000000,-18065000000,0,0,54553000000,0
1213200,303309149/250,1213181881/1000,1213200,1213200,36596000000,-18119000000,0,0,54715000000,0
1216800,152104588/125,1216781827/1000,1216800,1216800,36704000000,-18173000000,0,0,54877000000,0
1220400,305109203/250,1220381773/1000,1220400,1220400,36812000000,-18227000000,0,0,55039000000,0
1224000,30600923/25,1223981719/1000,1224000,1224000,36920000000,-18281000000,0,0,55201000000,0
1227600,306909257/250,245516333/200,1227600,1227600,37028000000,-18335000000,0,0,55363000000,0
1231200,153904642/125,1231181611/1000,1231200,1231200,37136000000,-18389000000,0,0,55525000000,0
1234800,308709311/250,1234781557/1000,1234800,1234800,37244000000,-18443000000,0,0,55687000000,0
1238400,154804669/125,1238381503/1000,1238400,1238400,37352000000,-18497000000,0,0,55849000000,0
1242000,62101873/50,1241981449/1000,1242000,1242000,37460000000,-18551000000,0,0,56011000000,0
1245600,155704696/125,249116279/200,1245600,1245600,37568000000,-18605000000,0,0,56173000000,0
1249200,312309419/250,1249181341/1000,1249200,1249200,37676000000,-18659000000,0,0,56335000000,0
1252800,156604723/125,1252781287/1000,1252800,1252800,37784000000,-18713000000,0,0,56497000000,0
1256400,314109473/250,1256381233/1000,1256400,1256400,37892000000,-18767000000,0,0,56659000000,0
1260000,1260038,1259981179/1000,1260000,1260000,38000000000,-18821000000,0,0,56821000000,0
1263600,315909527/250,10108649/8,1263600,1263600,38108000000,-18875000000,0,0,56983000000,0
1267200,158404777/125,1267181071/1000,1267200,1267200,38216000000,-18929000000,0,0,57145000000,0
1270800,317709581/250,1270781017/1000,1270800,1270800,38324000000,-18983000000,0,0,57307000000,0
1274400,159304804/125,1274380963/1000,1274400,1274400,38432000000,-19037000000,0,0,57469000000,0
1278000,63901927/50,1277980909/1000,1278000,1278000,38540000000,-19091000000,0,0,57631000000,0
1281600,160204831/125,256316171/200,1281600,1281600,38648000000,-19145000000,0,0,57793000000,0
1285200,321309689/250,1285180801/1000,1285200,1285200,38756000000,-19199000000,0,0,57955000000,0
1288800,161104858/125,1288780747/1000,1288800,1288800,38864000000,-19253000000,0,0,58117000000,0
1292400,323109743/250,1292380693/1000,1292400,1292400,38972000000,-19307000000,0,0,58279000000,0
1296000,32400977/25,1295980639/1000,1296000,1296000,39080000000,-19361000000,0,0,58441000000,0
1299600,324909797/250,259916117/200,1299600,1299600,39188000000,-19415000000,0,0,58603000000,0
1303200,162904912/125,1303180531/1000,1303200,1303200,39296000000,-19469000000,0,0,58765000000,0
1306800,326709851/250,1306780477/1000,1306800,1306800,39404000000,-19523000000,0,0,58927000000,0
1310400,163804939/125,1310380423/1000,1310400,1310400,39512000000,-19577000000,0,0,59089000000,0
1314000,65701981/50,1313980369/1000,1314000,1314000,39620000000,-19631000000,0,0,59251000000,0
1317600,164704966/125,263516063/200,1317600,1317600,39728000000,-19685000000,0,0,59413000000,0
1321200,330309959/250,1321180261/1000,1321200,1321200,39836000000,-19739000000,0,0,59575000000,0
1324800,165604993/125,1324780207/1000,1324800,1324800,39944000000,-19793000000,0,0,59737000000,0
1328400,332110013/250,1328380153/1000,1328400,1328400,40052000000,-19847000000,0,0,59899000000,0
1332000,33301004/25,1331980099/1000,1332000,1332000,40160000000,-19901000000,0,0,60061000000,0
1335600,333910067/250,267116009/200,1335600,1335600,40268000000,-19955000000,0,0,60223000000,0
1339200,167405047/125,1339179991/1000,1339200,1339200,40376000000,-20009000000,0,0,60385000000,0
1342800,335710121/250,1342779937/1000,1342800,1342800,40484000000,-20063000000,0,0,60547000000,0
1346400,168305074/125,1346379883/1000,1346400,1346400,40592000000,-20117000000,0,0,60709000000,0
1350000,13500407/10,1349979829/1000,1350000,1350000,40700000000,-20171000000,0,0,60871000000,0
1353600,169205101/125,54143191/40,1353600,1353600,40808000000,-20225000000,0,0,61033000000,0
1357200,339310229/250,1357179721/1000,1357200,1357200,40916000000,-20279000000,0,0,61195000000,0
1360800,170105128/125,1360779667/1000,1360800,1360800,41024000000,-20333000000,0,0,61357000000,0
1364400,341110283/250,1364379613/1000,1364400,1364400,41132000000,-20387000000,0,0,61519000000,0
1368000,34201031/25,1367979559/1000,1368000,1368000,41240000000,-20441000000,0,0,61681000000,0
1371600,342910337/250,274315901/200,1371600,1371600,41348000000,-20495000000,0,0,61843000000,0
1375200,171905182/125,1375179451/1000,1375200,1375200,41456000000,-20549000000,0,0,62005000000,0
1378800,344710391/250,1378779397/1000,1378800,1378800,41564000000,-20603000000,0,0,62167000000,0
1382400,172805209/125,1382379343/1000,1382400,1382400,41672000000,-20657000000,0,0,62329000000,0
1386000,69302089/50,1385979289/1000,1386000,1386000,41780000000,-20711000000,0,0,62491000000,0
1389600,173705236/125,277915847/200,1389600,1389600,41888000000,-20765000000,0,0,62653000000,0
1393200,348310499/250,1393179181/1000,1393200,1393200,41996000000,-20819000000,0,0,62815000000,0
1396800,174605263/125,1396779127/1000,1396800,1396800,42104000000,-20873000000,0,0,62977000000,0
1400400,350110553/250,1400379073/1000,1400400,1400400,42212000000,-20927000000,0,0,63139000000,0
1404000,35101058/25,1403979019/1000,1404000,1404000,42320000000,-20981000000,0,0,63301000000,0
1407600,351910607/250,281515793/200,1407600,1407600,42428000000,-21035000000,0,0,63463000000,0
1411200,176405317/125,1411178911/1000,1411200,1411200,42536000000,-21089000000,0,0,63625000000,0
1414800,353710661/250,1414778857/1000,1414800,1414800,42644000000,-21143000000,0,0,63787000000,0
1418400,177305344/125,1418378803/1000,1418400,1418400,42752000000,-21197000000,0,0,63949000000,0
1422000,71102143/50,1421978749/1000,1422000,1422000,42860000000,-21251000000,0,0,64111000000,0
1425600,178205371/125,285115739/200,1425600,1425600,42968000000,-21305000000,0,0,64273000000,0
1429200,357310769/250,1429178641/1000,1429200,1429200,43076000000,-21359000000,0,0,64435000000,0
1432800,179105398/125,1432778587/1000,1432800,1432800,43184000000,-21413000000,0,0,64597000000,0
1436400,359110823/250,1436378533/1000,1436400,1436400,43292000000,-21467000000,0,0,64759000000,0
1440000,7200217/5,1439978479/1000,1440000,1440000,43400000000,-21521000000,0,0,64921000000,0
1443600,360910877/250,57743137/40,1443600,1443600,43508000000,-21575000000,0,0,65083000000,0
1447200,180905452/125,1447178371/1000,1447200,1447200,43616000000,-21629000000,0,0,65245000000,0
1450800,362710931/250,1450778317/1000,1450800,1450800,43724000000,-21683000000,0,0,65407000000,0
1454400,181805479/125,1454378263/1000,1454400,1454400,43832000000,-21737000000,0,0,65569000000,0
1458000,72902197/50,1457978209/1000,1458000,1458000,43940000000,-21791000000,0,0,65731000000,0
1461600,182705506/125,292315631/200,1461600,1461600,44048000000,-21845000000,0,0,65893000000,0
1465200,366311039/250,1465178101/1000,1465200,1465200,44156000000,-21899000000,0,0,66055000000,0
1468800,183605533/125,1468778047/1000,1468800,1468800,44264000000,-21953000000,0,0,66217000000,0
1472400,368111093/250,1472377993/1000,1472400,1472400,44372000000,-22007000000,0,0,66379000000,0
1476000,36901112/25,1475977939/1000,1476000,1476000,44480000000,-22061000000,0,0,66541000000,0
1479600,369911147/250,295915577/200,1479600,1479600,44588000000,-22115000000,0,0,66703000000,0
1483200,185405587/125,1483177831/1000,1483200,1483200,44696000000,-22169000000,0,0,66865000000,0
1486800,371711201/250,1486777777/1000,1486800,1486800,44804000000,-22223000000,0,0,67027000000,0
1490400,186305614/125,1490377723/1000,1490400,1490400,44912000000,-22277000000,0,0,67189000000,0
1494000,74702251/50,1493977669/1000,1494000,1494000,45020000000,-22331000000,0,0,67351000000,0
1497600,187205641/125,299515523/200,1497600,1497600,45128000000,-22385000000,0,0,67513000000,0
1501200,375311309/250,1501177561/1000,1501200,1501200,45236000000,-22439000000,0,0,67675000000,0
1504800,188105668/125,1504777507/1000,1504800,1504800,45344000000,-22493000000,0,0,67837000000,0
1508400,377111363/250,1508377453/1000,1508400,1508400,45452000000,-22547000000,0,0,67999000000,0
1512000,37801139/25,1511977399/1000,1512000,1512000,45560000000,-22601000000,0,0,68161000000,0
1515600,378911417/250,303115469/200,1515600,1515600,45668000000,-22655000000,0,0,68323000000,0
1519200,189905722/125,1519177291/1000,1519200,1519200,45776000000,-22709000000,0,0,68485000000,0
1522800,380711471/250,1522777237/1000,1522800,1522800,45884000000,-22763000000,0,0,68647000000,0
1526400,190805749/125,1526377183/1000,1526400,1526400,45992000000,-22817000000,0,0,68809000000,0
1530000,15300461/10,1529977129/1000,1530000,1530000,46100000000,-22871000000,0,0,68971000000,0
1533600,191705776/125,61343083/40,1533600,1533600,46208000000,-22925000000,0,0,69133000000,0
1537200,384311579/250,1537177021/1000,1537200,1537200,46316000000,-22979000000,0,0,69295000000,0
1540800,192605803/125,1540776967/1000,1540800,1540800,46424000000,-23033000000,0,0,69457000000,0
1544400,386111633/250,1544376913/1000,1544400,1544400,46532000000,-23087000000,0,0,69619000000,0
1548000,38701166/25,1547976859/1000,1548000,1548000,46640000000,-23141000000,0,0,69781000000,0
1551600,387911687/250,310315361/200,1551600,1551600,46748000000,-23195000000,0,0,69943000000,0
1555200,194405857/125,1555176751/1000,1555200,1555200,46856000000,-23249000000,0,0,70105000000,0
1558800,389711741/250,1558776697/1000,1558800,1558800,46964000000,-23303000000,0,0,70267000000,0
1562400,195305884/125,1562376643/1000,1562400,1562400,47072000000,-23357000000,0,0,70429000000,0
1566000,78302359/50,1565976589/1000,1566000,1566000,47180000000,-23411000000,0,0,70591000000,0
1569600,196205911/125,313915307/200,1569600,1569600,47288000000,-23465000000,0,0,70753000000,0
1573200,393311849/250,1573176481/1000,1573200,1573200,47396000000,-23519000000,0,0,70915000000,0
1576800,197105938/125,1576776427/1000,1576800,1576800,47504000000,-23573000000,0,0,71077000000,0
1580400,395111903/250,1580376373/1000,1580400,1580400,47612000000,-23627000000,0,0,71239000000,0
1584000,39601193/25,1583976319/1000,1584000,1584000,47720000000,-23681000000,0,0,71401000000,0
1587600,396911957/250,317515253/200,1587600,1587600,47828000000,-23735000000,0,0,71563000000,0
1591200,198905992/125,1591176211/1000,1591200,1591200,47936000000,-23789000000,0,0,71725000000,0
1594800,398712011/250,1594776157/1000,1594800,1594800,48044000000,-23843000000,0,0,71887000000,0
1598400,199806019/125,1598376103/1000,1598400,1598400,48152000000,-23897000000,0,0,72049000000,0
1602000,80102413/50,1601976049/1000,1602000,1602000,48260000000,-23951000000,0,0,72211000000,0
1605600,200706046/125,321115199/200,1605600,1605600,48368000000,-24005000000,0,0,72373000000,0
1609200,402312119/250,1609175941/1000,1609200,1609200,48476000000,-24059000000,0,0,72535000000,0
1612800,201606073/125,1612775887/1000,1612800,1612800,48584000000,-24113000000,0,0,72697000000,0
1616400,404112173/250,1616375833/1000,1616400,1616400,48692000000,-24167000000,0,0,72859000000,0
1620000,8100244/5,1619975779/1000,1620000,1620000,48800000000,-24221000000,0,0,73021000000,0
1623600,405912227/250,64943029/40,1623600,1623600,48908000000,-24275000000,0,0,73183000000,0
1627200,203406127/125,1627175671/1000,1627200,1627200,49016000000,-24329000000,0,0,73345000000,0
1630800,407712281/250,1630775617/1000,1630800,1630800,49124000000,-24383000000,0,0,73507000000,0
1634400,204306154/125,1634375563/1000,1634400,1634400,49232000000,-24437000000,0,0,73669000000,0
1638000,81902467/50,1637975509/1000,1638000,1638000,49340000000,-24491000000,0,0,73831000000,0
1641600,205206181/125,328315091/200,1641600,1641600,49448000000,-24545000000,0,0,73993000000,0
1645200,411312389/250,1645175401/1000,1645200,1645200,49556000000,-24599000000,0,0,74155000000,0
1648800,206106208/125,1648775347/1000,1648800,1648800,49664000000,-24653000000,0,0,74317000000,0
1652400,413112443/250,1652375293/1000,1652400,1652400,49772000000,-24707000000,0,0,74479000000,0
1656000,41401247/25,1655975239/1000,1656000,1656000,49880000000,-24761000000,0,0,74641000000,0
1659600,414912497/250,331915037/200,1659600,1659600,49988000000,-24815000000,0,0,74803000000,0
1663200,207906262/125,1663175131/1000,1663200,1663200,50096000000,-24869000000,0,0,74965000000,0
1666800,416712551/250,1666775077/1000,1666800,1666800,50204000000,-24923000000,0,0,75127000000,0
1670400,208806289/125,1670375023/1000,1670400,1670400,50312000000,-24977000000,0,0,75289000000,0
1674000,83702521/50,1673974969/1000,1674000,1674000,50420000000,-25031000000,0,0,75451000000,0
1677600,209706316/125,335514983/200,1677600,1677600,50528000000,-25085000000,0,0,75613000000,0
1681200,420312659/250,1681174861/1000,1681200,1681200,50636000000,-25139000000,0,0,75775000000,0
1684800,210606343/125,1684774807/1000,1684800,1684800,50744000000,-25193000000,0,0,75937000000,0
1688400,422112713/250,1688374753/1000,1688400,1688400,50852000000,-25247000000,0,0,76099000000,0
1692000,42301274/25,1691974699/1000,1692000,1692000,50960000000,-25301000000,0,0,76261000000,0
1695600,423912767/250,339114929/200,1695600,1695600,51068000000,-25355000000,0,0,76423000000,0
1699200,212406397/125,1699174591/1000,1699200,1699200,51176000000,-25409000000,0,0,76585000000,0
1702800,425712821/250,1702774537/1000,1702800,1702800,51284000000,-25463000000,0,0,76747000000,0
1706400,213306424/125,1706374483/1000,1706400,1706400,51392000000,-25517000000,0,0,76909000000,0
1710000,3420103/2,1709974429/1000,1710000,1710000,51500000000,-25571000000,0,0,77071000000,0
1713600,214206451/125,13708595/8,1713600,1713600,51608000000,-25625000000,0,0,77233000000,0
1717200,429312929/250,1717174321/1000,1717200,1717200,51716000000,-25679000000,0,0,77395000000,0
1720800,215106478/125,1720774267/1000,1720800,1720800,51824000000,-25733000000,0,0,77557000000,0
1724400,431112983/250,1724374213/1000,1724400,1724400,51932000000,-25787000000,0,0,77719000000,0
1728000,43201301/25,1727974159/1000,1728000,1728000,52040000000,-25841000000,0,0,77881000000,0
1731600,432913037/250,346314821/200,1731600,1731600,52148000000,-25895000000,0,0,78043000000,0
1735200,216906532/125,1735174051/1000,1735200,1735200,52256000000,-25949000000,0,0,78205000000,0
1738800,434713091/250,1738773997/1000,1738800,1738800,52364000000,-26003000000,0,0,78367000000,0
1742400,217806559/125,1742373943/1000,1742400,1742400,52472000000,-26057000000,0,0,78529000000,0
1746000,87302629/50,1745973889/1000,1746000,1746000,52580000000,-26111000000,0,0,78691000000,0
1749600,218706586/125,349914767/200,1749600,1749600,52688000000,-26165000000,0,0,78853000000,0
1753200,438313199/250,1753173781/1000,1753200,1753200,52796000000,-26219000000,0,0,79015000000,0
1756800,219606613/125,1756773727/1000,1756800,1756800,52904000000,-26273000000,0,0,79177000000,0
1760400,440113253/250,1760373673/1000,1760400,1760400,53012000000,-26327000000,0,0,79339000000,0
1764000,44101328/25,1763973619/1000,1764000,1764000,53120000000,-26381000000,0,0,79501000000,0
1767600,441913307/250,353514713/200,1767600,1767600,53228000000,-26435000000,0,0,79663000000,0
1771200,221406667/125,1771173511/1000,1771200,1771200,53336000000,-26489000000,0,0,79825000000,0
1774800,443713361/250,1774773457/1000,1774800,1774800,53444000000,-26543000000,0,0,79987000000,0
1778400,222306694/125,1778373403/1000,1778400,1778400,53552000000,-26597000000,0,0,80149000000,0
1782000,89102683/50,1781973349/1000,1782000,1782000,53660000000,-26651000000,0,0,80311000000,0
1785600,223206721/125,357114659/200,1785600,1785600,53768000000,-26705000000,0,0,80473000000,0
1789200,447313469/250,1789173241/1000,1789200,1789200,53876000000,-26759000000,0,0,80635000000,0
1792800,224106748/125,1792773187/1000,1792800,1792800,53984000000,-26813000000,0,0,80797000000,0
1796400,449113523/250,1796373133/1000,1796400,1796400,54092000000,-26867000000,0,0,80959000000,0
1800000,9000271/5,1799973079/1000,1800000,1800000,54200000000,-26921000000,0,0,81121000000,0
1803600,450913577/250,72142921/40,1803600,1803600,54308000000,-26975000000,0,0,81283000000,0
1807200,225906802/125,1807172971/1000,1807200,1807200,54416000000,-27029000000,0,0,81445000000,0
1810800,452713631/250,1810772917/1000,1810800,1810800,54524000000,-27083000000,0,0,81607000000,0
1814400,226806829/125,1814372863/1000,1814400,1814400,54632000000,-27137000000,0,0,81769000000,0
1818000,90902737/50,1817972809/1000,1818000,1818000,54740000000,-27191000000,0,0,81931000000,0
1821600,227706856/125,364314551/200,1821600,1821600,54848000000,-27245000000,0,0,82093000000,0
1825200,456313739/250,1825172701/1000,1825200,1825200,54956000000,-27299000000,0,0,82255000000,0
1828800,228606883/125,1828772647/1000,1828800,1828800,55064000000,-27353000000,0,0,82417000000,0
1832400,458113793/250,1832372593/1000,1832400,1832400,55172000000,-27407000000,0,0,82579000000,0
1836000,45901382/25,1835972539/1000,1836000,1836000,55280000000,-27461000000,0,0,82741000000,0
1839600,459913847/250,367914497/200,1839600,1839600,55388000000,-27515000000,0,0,82903000000,0
1843200,230406937/125,1843172431/1000,1843200,1843200,55496000000,-27569000000,0,0,83065000000,0
1846800,461713901/250,1846772377/1000,1846800,1846800,55604000000,-27623000000,0,0,83227000000,0
1850400,231306964/125,1850372323/1000,1850400,1850400,55712000000,-27677000000,0,0,83389000000,0
1854000,92702791/50,1853972269/1000,1854000,1854000,55820000000,-27731000000,0,0,83551000000,0
1857600,232206991/125,371514443/200,1857600,1857600,55928000000,-27785000000,0,0,83713000000,0
1861200,465314009/250,1861172161/1000,1861200,1861200,56036000000,-27839000000,0,0,83875000000,0
1864800,233107018/125,1864772107/1000,1864800,1864800,56144000000,-27893000000,0,0,84037000000,0
1868400,467114063/250,1868372053/1000,1868400,1868400,56252000000,-27947000000,0,0,84199000000,0
1872000,46801409/25,1871971999/1000,1872000,1872000,56360000000,-28001000000,0,0,84361000000,0
1875600,468914117/250,375114389/200,1875600,1875600,56468000000,-28055000000,0,0,84523000000,0
1879200,234907072/125,1879171891/1000,1879200,1879200,56576000000,-28109000000,0,0,84685000000,0
1882800,470714171/250,1882771837/1000,1882800,1882800,56684000000,-28163000000,0,0,84847000000,0
1886400,235807099/125,1886371783/1000,1886400,1886400,56792000000,-28217000000,0,0,85009000000,0
1890000,18900569/10,1889971729/1000,1890000,1890000,56900000000,-28271000000,0,0,85171000000,0
1893600,236707126/125,75742867/40,1893600,1893600,57008000000,-28325000000,0,0,85333000000,0
1897200,474314279/250,1897171621/1000,1897200,1897200,57116000000,-28379000000,0,0,85495000000,0
1900800,237607153/125,1900771567/1000,1900800,1900800,57224000000,-28433000000,0,0,85657000000,0
1904400,476114333/250,1904371513/1000,1904400,1904400,57332000000,-28487000000,0,0,85819000000,0
1908000,47701436/25,1907971459/1000,1908000,1908000,57440000000,-28541000000,0,0,85981000000,0
1911600,477914387/250,382314281/200,1911600,1911600,57548000000,-28595000000,0,0,86143000000,0
1915200,239407207/125,1915171351/1000,1915200,1915200,57656000000,-28649000000,0,0,86305000000,0
1918800,479714441/250,1918771297/1000,1918800,1918800,57764000000,-28703000000,0,0,86467000000,0
1922400,240307234/125,1922371243/1000,1922400,1922400,57872000000,-28757000000,0,0,86629000000,0
1926000,96302899/50,1925971189/1000,1926000,1926000,57980000000,-28811000000,0,0,86791000000,0
1929600,241207261/125,385914227/200,1929600,1929600,58088000000,-28865000000,0,0,86953000000,0
1933200,483314549/250,1933171081/1000,1933200,1933200,58196000000,-28919000000,0,0,87115000000,0
1936800,242107288/125,1936771027/1000,1936800,1936800,58304000000,-28973000000,0,0,87277000000,0
1940400,485114603/250,1940370973/1000,1940400,1940400,58412000000,-29027000000,0,0,87439000000,0
1944000,48601463/25,1943970919/1000,1944000,1944000,58520000000,-29081000000,0,0,87601000000,0
1947600,486914657/250,389514173/200,1947600,1947600,58628000000,-29135000000,0,0,87763000000,0
1951200,243907342/125,1951170811/1000,1951200,1951200,58736000000,-29189000000,0,0,87925000000,0
1954800,488714711/250,1954770757/1000,1954800,1954800,58844000000,-29243000000,0,0,88087000000,0
1958400,244807369/125,1958370703/1000,1958400,1958400,58952000000,-29297000000,0,0,88249000000,0
1962000,98102953/50,1961970649/1000,1962000,1962000,59060000000,-29351000000,0,0,88411000000,0
1965600,245707396/125,393114119/200,1965600,1965600,59168000000,-29405000000,0,0,88573000000,0
1969200,492314819/250,1969170541/1000,1969200,1969200,59276000000,-29459000000,0,0,88735000000,0
1972800,246607423/125,1972770487/1000,1972800,1972800,59384000000,-29513000000,0,0,88897000000,0
1976400,494114873/250,1976370433/1000,1976400,1976400,59492000000,-29567000000,0,0,89059000000,0
1980000,9900298/5,1979970379/1000,1980000,1980000,59600000000,-29621000000,0,0,89221000000,0
1983600,495914927/250,79342813/40,1983600,1983600,59708000000,-29675000000,0,0,89383000000,0
1987200,248407477/125,1987170271/1000,1987200,1987200,59816000000,-29729000000,0,0,89545000000,0
1990800,497714981/250,1990770217/1000,1990800,1990800,59924000000,-29783000000,0,0,89707000000,0
1994400,249307504/125,1994370163/1000,1994400,1994400,60032000000,-29837000000,0,0,89869000000,0
1998000,99903007/50,1997970109/1000,1998000,1998000,60140000000,-29891000000,0,0,90031000000,0
2001600,250207531/125,400314011/200,2001600,2001600,60248000000,-29945000000,0,0,90193000000,0
2005200,501315089/250,2005170001/1000,2005200,2005200,60356000000,-29999000000,0,0,90355000000,0
2008800,251107558/125,2008769947/1000,2008800,2008800,60464000000,-30053000000,0,0,90517000000,0
2012400,503115143/250,2012369893/1000,2012400,2012400,60572000000,-30107000000,0,0,90679000000,0
2016000,50401517/25,2015969839/1000,2016000,2016000,60680000000,-30161000000,0,0,90841000000,0
2019600,504915197/250,403913957/200,2019600,2019600,60788000000,-30215000000,0,0,91003000000,0
2023200,252907612/125,2023169731/1000,2023200,2023200,60896000000,-30269000000,0,0,91165000000,0
2026800,506715251/250,2026769677/1000,2026800,2026800,61004000000,-30323000000,0,0,91327000000,0
2030400,253807639/125,2030369623/1000,2030400,2030400,61112000000,-30377000000,0,0,91489000000,0
2034000,101703061/50,2033969569/1000,2034000,2034000,61220000000,-30431000000,0,0,91651000000,0
2037600,254707666/125,407513903/200,2037600,2037600,61328000000,-30485000000,0,0,91813000000,0
2041200,510315359/250,2041169461/1000,2041200,2041200,61436000000,-30539000000,0,0,91975000000,0
2044800,255607693/125,2044769407/1000,2044800,2044800,61544000000,-30593000000,0,0,92137000000,0
2048400,512115413/250,2048369353/1000,2048400,2048400,61652000000,-30647000000,0,0,92299000000,0
2052000,51301544/25,2051969299/1000,2052000,2052000,61760000000,-30701000000,0,0,92461000000,0
2055600,513915467/250,411113849/200,2055600,2055600,61868000000,-30755000000,0,0,92623000000,0
2059200,257407747/125,2059169191/1000,2059200,2059200,61976000000,-30809000000,0,0,92785000000,0
2062800,515715521/250,2062769137/1000,2062800,2062800,62084000000,-30863000000,0,0,92947000000,0
2066400,258307774/125,2066369083/1000,2066400,2066400,62192000000,-30917000000,0,0,93109000000,0
2070000,20700623/10,2069969029/1000,2070000,2070000,62300000000,-30971000000,0,0,93271000000,0
2073600,259207801/125,82942759/40,2073600,2073600,62408000000,-31025000000,0,0,93433000000,0
2077200,519315629/250,2077168921/1000,2077200,2077200,62516000000,-31079000000,0,0,93595000000,0
2080800,260107828/125,2080768867/1000,2080800,2080800,62624000000,-31133000000,0,0,93757000000,0
2084400,521115683/250,2084368813/1000,2084400,2084400,62732000000,-31187000000,0,0,93919000000,0
2088000,52201571/25,2087968759/1000,2088000,2088000,62840000000,-31241000000,0,0,94081000000,0
2091600,522915737/250,418313741/200,2091600,2091600,62948000000,-31295000000,0,0,94243000000,0
2095200,261907882/125,2095168651/1000,2095200,2095200,63056000000,-31349000000,0,0,94405000000,0
2098800,524715791/250,2098768597/1000,2098800,2098800,63164000000,-31403000000,0,0,94567000000,0
2102400,262807909/125,2102368543/1000,2102400,2102400,63272000000,-31457000000,0,0,94729000000,0
2106000,105303169/50,2105968489/1000,2106000,2106000,63380000000,-31511000000,0,0,94891000000,0
2109600,263707936/125,421913687/200,2109600,2109600,63488000000,-31565000000,0,0,95053000000,0
2113200,528315899/250,2113168381/1000,2113200,2113200,63596000000,-31619000000,0,0,95215000000,0
2116800,264607963/125,2116768327/1000,2116800,2116800,63704000000,-31673000000,0,0,95377000000,0
2120400,530115953/250,2120368273/1000,2120400,2120400,63812000000,-31727000000,0,0,95539000000,0
2124000,53101598/25,2123968219/1000,2124000,2124000,63920000000,-31781000000,0,0,95701000000,0
2127600,531916007/250,425513633/200,2127600,2127600,64028000000,-31835000000,0,0,95863000000,0
2131200,266408017/125,2131168111/1000,2131200,2131200,64136000000,-31889000000,0,0,96025000000,0
2134800,533716061/250,2134768057/1000,2134800,2134800,64244000000,-31943000000,0,0,96187000000,0
2138400,267308044/125,2138368003/1000,2138400,2138400,64352000000,-31997000000,0,0,96349000000,0
2142000,107103223/50,2141967949/1000,2142000,2142000,64460000000,-32051000000,0,0,96511000000,0
2145600,268208071/125,429113579/200,2145600,2145600,64568000000,-32105000000,0,0,96673000000,0
2149200,537316169/250,2149167841/1000,2149200,2149200,64676000000,-32159000000,0,0,96835000000,0
2152800,269108098/125,2152767787/1000,2152800,2152800,64784000000,-32213000000,0,0,96997000000,0
2156400,539116223/250,2156367733/1000,2156400,2156400,64892000000,-32267000000,0,0,97159000000,0
2160000,2160065,2159967679/1000,2160000,2160000,65000000000,-32321000000,0,0,97321000000,0
2163600,540916277/250,17308541/8,2163600,2163600,65108000000,-32375000000,0,0,97483000000,0
2167200,270908152/125,2167167571/1000,2167200,2167200,65216000000,-32429000000,0,0,97645000000,0
2170800,542716331/250,2170767517/1000,2170800,2170800,65324000000,-32483000000,0,0,97807000000,0
2174400,271808179/125,2174367463/1000,2174400,2174400,65432000000,-32537000000,0,0,97969000000,0
2178000,108903277/50,2177967409/1000,2178000,2178000,65540000000,-32591000000,0,0,98131000000,0
2181600,272708206/125,436313471/200,2181600,2181600,65648000000,-32645000000,0,0,98293000000,0
2185200,546316439/250,2185167301/1000,2185200,2185200,65756000000,-32699000000,0,0,98455000000,0
2188800,273608233/125,2188767247/1000,2188800,2188800,65864000000,-32753000000,0,0,98617000000,0
2192400,548116493/250,2192367193/1000,2192400,2192400,65972000000,-32807000000,0,0,98779000000,0
2196000,54901652/25,2195967139/1000,2196000,2196000,66080000000,-32861000000,0,0,98941000000,0
2199600,549916547/250,439913417/200,2199600,2199600,66188000000,-32915000000,0,0,99103000000,0
2203200,275408287/125,2203167031/1000,2203200,2203200,66296000000,-32969000000,0,0,99265000000,0
2206800,551716601/250,2206766977/1000,2206800,2206800,66404000000,-33023000000,0,0,99427000000,0
2210400,276308314/125,2210366923/1000,2210400,2210400,66512000000,-33077000000,0,0,99589000000,0
2214000,110703331/50,2213966869/1000,2214000,2214000,66620000000,-33131000000,0,0,99751000000,0
2217600,277208341/125,443513363/200,2217600,2217600,66728000000,-33185000000,0,0,99913000000,0
2221200,555316709/250,2221166761/1000,2221200,2221200,66836000000,-33239000000,0,0,100075000000,0
2224800,278108368/125,2224766707/1000,2224800,2224800,66944000000,-33293000000,0,0,100237000000,0
2228400,557116763/250,2228366653/1000,2228400,2228400,67052000000,-33347000000,0,0,100399000000,0
2232000,55801679/25,2231966599/1000,2232000,2232000,67160000000,-33401000000,0,0,100561000000,0
2235600,558916817/250,447113309/200,2235600,2235600,67268000000,-33455000000,0,0,100723000000,0
2239200,279908422/125,2239166491/1000,2239200,2239200,67376000000,-33509000000,0,0,100885000000,0
2242800,560716871/250,2242766437/1000,2242800,2242800,67484000000,-33563000000,0,0,101047000000,0
2246400,280808449/125,2246366383/1000,2246400,2246400,67592000000,-33617000000,0,0,101209000000,0
2250000,22500677/10,2249966329/1000,2250000,2250000,67700000000,-33671000000,0,0,101371000000,0
2253600,281708476/125,90142651/40,2253600,2253600,67808000000,-33725000000,0,0,101533000000,0
2257200,564316979/250,2257166221/1000,2257200,2257200,67916000000,-33779000000,0,0,101695000000,0
2260800,282608503/125,2260766167/1000,2260800,2260800,68024000000,-33833000000,0,0,101857000000,0
2264400,566117033/250,2264366113/1000,2264400,2264400,68132000000,-33887000000,0,0,102019000000,0
2268000,56701706/25,2267966059/1000,2268000,2268000,68240000000,-33941000000,0,0,102181000000,0
2271600,567917087/250,454313201/200,2271600,2271600,68348000000,-33995000000,0,0,102343000000,0
2275200,284408557/125,2275165951/1000,2275200,2275200,68456000000,-34049000000,0,0,102505000000,0
2278800,569717141/250,2278765897/1000,2278800,2278800,68564000000,-34103000000,0,0,102667000000,0
2282400,285308584/125,2282365843/1000,2282400,2282400,68672000000,-34157000000,0,0,102829000000,0
2286000,114303439/50,2285965789/1000,2286000,2286000,68780000000,-34211000000,0,0,102991000000,0
2289600,286208611/125,457913147/200,2289600,2289600,68888000000,-34265000000,0,0,103153000000,0
2293200,573317249/250,2293165681/1000,2293200,2293200,68996000000,-34319000000,0,0,103315000000,0
2296800,287108638/125,2296765627/1000,2296800,2296800,69104000000,-34373000000,0,0,103477000000,0
2300400,575117303/250,2300365573/1000,2300400,2300400,69212000000,-34427000000,0,0,103639000000,0
2304000,57601733/25,2303965519/1000,2304000,2304000,69320000000,-34481000000,0,0,103801000000,0
2307600,576917357/250,461513093/200,2307600,2307600,69428000000,-34535000000,0,0,103963000000,0
2311200,288908692/125,2311165411/1000,2311200,2311200,69536000000,-34589000000,0,0,104125000000,0
2314800,578717411/250,2314765357/1000,2314800,2314800,69644000000,-34643000000,0,0,104287000000,0
2318400,289808719/125,2318365303/1000,2318400,2318400,69752000000,-34697000000,0,0,104449000000,0
2322000,116103493/50,2321965249/1000,2322000,2322000,69860000000,-34751000000,0,0,104611000000,0
2325600,290708746/125,465113039/200,2325600,2325600,69968000000,-34805000000,0,0,104773000000,0
2329200,582317519/250,2329165141/1000,2329200,2329200,70076000000,-34859000000,0,0,104935000000,0
2332800,291608773/125,2332765087/1000,2332800,2332800,70184000000,-34913000000,0,0,105097000000,0
2336400,584117573/250,2336365033/1000,2336400,2336400,70292000000,-34967000000,0,0,105259000000,0
2340000,11700352/5,2339964979/1000,2340000,2340000,70400000000,-35021000000,0,0,105421000000,0
2343600,585917627/250,93742597/40,2343600,2343600,70508000000,-35075000000,0,0,105583000000,0
2347200,293408827/125,2347164871/1000,2347200,2347200,70616000000,-35129000000,0,0,105745000000,0
2350800,587717681/250,2350764817/1000,2350800,2350800,70724000000,-35183000000,0,0,105907000000,0
2354400,294308854/125,2354364763/1000,2354400,2354400,70832000000,-35237000000,0,0,106069000000,0
2358000,117903547/50,2357964709/1000,2358000,2358000,70940000000,-35291000000,0,0,106231000000,0
2361600,295208881/125,472312931/200,2361600,2361600,71048000000,-35345000000,0,0,106393000000,0
2365200,591317789/250,2365164601/1000,2365200,2365200,71156000000,-35399000000,0,0,106555000000,0
2368800,296108908/125,2368764547/1000,2368800,2368800,71264000000,-35453000000,0,0,106717000000,0
2372400,593117843/250,2372364493/1000,2372400,2372400,71372000000,-35507000000,0,0,106879000000,0
2376000,59401787/25,2375964439/1000,2376000,2376000,71480000000,-35561000000,0,0,107041000000,0
2379600,594917897/250,475912877/200,2379600,2379600,71588000000,-35615000000,0,0,107203000000,0
2383200,297908962/125,2383164331/1000,2383200,2383200,71696000000,-35669000000,0,0,107365000000,0
2386800,596717951/250,2386764277/1000,2386800,2386800,71804000000,-35723000000,0,0,107527000000,0
2390400,298808989/125,2390364223/1000,2390400,2390400,71912000000,-35777000000,0,0,107689000000,0
2394000,119703601/50,2393964169/1000,2394000,2394000,72020000000,-35831000000,0,0,107851000000,0
2397600,299709016/125,479512823/200,2397600,2397600,72128000000,-35885000000,0,0,108013000000,0
2401200,600318059/250,2401164061/1000,2401200,2401200,72236000000,-35939000000,0,0,108175000000,0
2404800,300609043/125,2404764007/1000,2404800,2404800,72344000000,-35993000000,0,0,108337000000,0
2408400,602118113/250,2408363953/1000,2408400,2408400,72452000000,-36047000000,0,0,108499000000,0
2412000,60301814/25,2411963899/1000,2412000,2412000,72560000000,-36101000000,0,0,108661000000,0
2415600,603918167/250,483112769/200,2415600,2415600,72668000000,-36155000000,0,0,108823000000,0
2419200,302409097/125,2419163791/1000,2419200,2419200,72776000000,-36209000000,0,0,108985000000,0
2422800,605718221/250,2422763737/1000,2422800,2422800,72884000000,-36263000000,0,0,109147000000,0
2426400,303309124/125,2426363683/1000,2426400,2426400,72992000000,-36317000000,0,0,109309000000,0
2430000,24300731/10,2429963629/1000,2430000,2430000,73100000000,-36371000000,0,0,109471000000,0
2433600,304209151/125,97342543/40,2433600,2433600,73208000000,-36425000000,0,0,109633000000,0
2437200,609318329/250,2437163521/1000,2437200,2437200,73316000000,-36479000000,0,0,109795000000,0
2440800,305109178/125,2440763467/1000,2440800,2440800,73424000000,-36533000000,0,0,109957000000,0
2444400,611118383/250,2444363413/1000,2444400,2444400,73532000000,-36587000000,0,0,110119000000,0
2448000,61201841/25,2447963359/1000,2448000,2448000,73640000000,-36641000000,0,0,110281000000,0
2451600,612918437/250,490312661/200,2451600,2451600,73748000000,-36695000000,0,0,110443000000,0
2455200,306909232/125,2455163251/1000,2455200,2455200,73856000000,-36749000000,0,0,110605000000,0
2458800,614718491/250,2458763197/1000,2458800,2458800,73964000000,-36803000000,0,0,110767000000,0
2462400,307809259/125,2462363143/1000,2462400,2462400,74072000000,-36857000000,0,0,110929000000,0
2466000,123303709/50,2465963089/1000,2466000,2466000,74180000000,-36911000000,0,0,111091000000,0
2469600,308709286/125,493912607/200,2469600,2469600,74288000000,-36965000000,0,0,111253000000,0
2473200,618318599/250,2473162981/1000,2473200,2473200,74396000000,-37019000000,0,0,111415000000,0
2476800,309609313/125,2476762927/1000,2476800,2476800,74504000000,-37073000000,0,0,111577000000,0
2480400,620118653/250,2480362873/1000,2480400,2480400,74612000000,-37127000000,0,0,111739000000,0
2484000,62101868/25,2483962819/1000,2484000,2484000,74720000000,-37181000000,0,0,111901000000,0
2487600,621918707/250,497512553/200,2487600,2487600,74828000000,-37235000000,0,0,112063000000,0
2491200,311409367/125,2491162711/1000,2491200,2491200,74936000000,-37289000000,0,0,112225000000,0
2494800,623718761/250,2494762657/1000,2494800,2494800,75044000000,-37343000000,0,0,112387000000,0
2498400,312309394/125,2498362603/1000,2498400,2498400,75152000000,-37397000000,0,0,112549000000,0
2502000,125103763/50,2501962549/1000,2502000,2502000,75260000000,-37451000000,0,0,112711000000,0
2505600,313209421/125,501112499/200,2505600,2505600,75368000000,-37505000000,0,0,112873000000,0
2509200,627318869/250,2509162441/1000,2509200,2509200,75476000000,-37559000000,0,0,113035000000,0
2512800,314109448/125,2512762387/1000,2512800,2512800,75584000000,-37613000000,0,0,113197000000,0
2516400,629118923/250,2516362333/1000,2516400,2516400,75692000000,-37667000000,0,0,113359000000,0
2520000,12600379/5,2519962279/1000,2520000,2520000,75800000000,-37721000000,0,0,113521000000,0
2523600,630918977/250,100942489/40,2523600,2523600,75908000000,-37775000000,0,0,113683000000,0
2527200,315909502/125,2527162171/1000,2527200,2527200,76016000000,-37829000000,0,0,113845000000,0
2530800,632719031/250,2530762117/1000,2530800,2530800,76124000000,-37883000000,0,0,114007000000,0
2534400,316809529/125,2534362063/1000,2534400,2534400,76232000000,-37937000000,0,0,114169000000,0
2538000,126903817/50,2537962009/1000,2538000,2538000,76340000000,-37991000000,0,0,114331000000,0
2541600,317709556/125,508312391/200,2541600,2541600,76448000000,-38045000000,0,0,114493000000,0
2545200,636319139/250,2545161901/1000,2545200,2545200,76556000000,-38099000000,0,0,114655000000,0
2548800,318609583/125,2548761847/1000,2548800,2548800,76664000000,-38153000000,0,0,114817000000,0
2552400,638119193/250,2552361793/1000,2552400,2552400,76772000000,-38207000000,0,0,114979000000,0
2556000,63901922/25,2555961739/1000,2556000,2556000,76880000000,-38261000000,0,0,115141000000,0
2559600,639919247/250,511912337/200,2559600,2559600,76988000000,-38315000000,0,0,115303000000,0
2563200,320409637/125,2563161631/1000,2563200,2563200,77096000000,-38369000000,0,0,115465000000,0
2566800,641719301/250,2566761577/1000,2566800,2566800,77204000000,-38423000000,0,0,115627000000,0
2570400,642619353/250,2570361523/1000,257047721200/100003,2570400,77412000000,-38477000000,99997000,0,115889000000,99997000
2574000,64351938/25,2573961469/1000,257407732000/100003,2574000,77520000000,-38531000000,99997000,0,116051000000,99997000
2577600,644419407/250,515512283/200,257767742800/100003,2577600,77628000000,-38585000000,99997000,0,116213000000,99997000
2581200,322659717/125,2581161361/1000,258127753600/100003,2581200,77736000000,-38639000000,99997000,0,116375000000,99997000
2584800,646219461/250,2584761307/1000,258487764400/100003,2584800,77844000000,-38693000000,99997000,0,116537000000,99997000
2588400,323559744/125,2588361253/1000,258847775200/100003,2588400,77952000000,-38747000000,99997000,0,116699000000,99997000
2592000,129603903/50,2591961199/1000,259207786000/100003,2592000,78060000000,-38801000000,99997000,0,116861000000,99997000
