natural language processing	natural language processing|NLP
support vector machines	support vector machines|support vector machine|SVMs
word embeddings	word embeddings|word embedding
neural networks	neural networks|neural network|Neural Network
gradient descent	gradient descent
transformer	Transformer|transformer|Transformer models
BERT	BERT|Bidirectional Encoder Representations from Transformers
large language models	large language models|large language model
machine learning	machine learning|Machine Learning
data preprocessing	data preprocessing
tokenization	tokenization|Tokenization
cross validation	cross validation
fine-tuning	fine-tuning
