distribution,statistic,n,R,B,nominal,cover_percentile,cover_percentile_wilson_lo,cover_percentile_wilson_hi,cover_bc,cover_bc_wilson_lo,cover_bc_wilson_hi,cover_bca,cover_bca_wilson_lo,cover_bca_wilson_hi
bimodal,mean,15,2000,1999,0.95,0.93,0.9179739154089434,0.9403774239291792,0.936,0.9244153341233007,0.9459130006474469,0.95,0.9395558910656041,0.9587187663812682
bimodal,median,15,2000,1999,0.95,0.9335,0.9217283654429757,0.9436095545641779,0.922,0.9094215182294803,0.9329604938651423,0.9245,0.9120900214010068,0.9352824054572093
bimodal,q90,15,2000,1999,0.95,0.7915,0.7731457240372476,0.8087366373977819,0.7915,0.7731457240372476,0.8087366373977819,0.79,0.7716017689527196,0.8072863436241536
bimodal,variance,15,2000,1999,0.95,0.8865,0.8718508631271774,0.8996672593244138,0.9035,0.889774970136178,0.9156779727078507,0.9165,0.903562981613867,0.9278401180008492
exponential,mean,15,2000,1999,0.95,0.8805,0.8655493359511705,0.8939917910677958,0.885,0.8702743628704945,0.8982495107229407,0.8915,0.8771114791991816,0.9043874727795971
exponential,median,15,2000,1999,0.95,0.9265,0.9142274629206418,0.9371372957484493,0.919,0.9062239429175495,0.9301695714607606,0.9205,0.9078221139475915,0.9315656492888746
exponential,q90,15,2000,1999,0.95,0.7785,0.759776644766246,0.796155559898096,0.7795,0.7608040997991641,0.7971242707706154,0.777,0.7582357476918171,0.7947022081143686
exponential,variance,15,2000,1999,0.95,0.663,0.6419890809161647,0.6833859616701469,0.6955,0.6749724939649412,0.7152779405480888,0.7205,0.7004244748622304,0.739730107286737
normal,mean,15,2000,1999,0.95,0.9145,0.9014365264814974,0.9259742413223437,0.9155,0.9024995017830912,0.9269074319261874,0.912,0.8987812438332999,0.9236391092069477
normal,median,15,2000,1999,0.95,0.9155,0.9024995017830912,0.9269074319261874,0.9115,0.8982505492332389,0.9231717208542898,0.91,0.8966591728360274,0.9217688483933453
normal,q90,15,2000,1999,0.95,0.7935,0.7752049008533347,0.8106697923925698,0.7945,0.7762347355183078,0.8116361236330342,0.791,0.7726310318046226,0.8082532466776882
normal,variance,15,2000,1999,0.95,0.8175,0.7999685143528416,0.8338141606235628,0.8495,0.8331601825826263,0.864499801367778,0.8675,0.8519344977866566,0.8816564724616224
outlier,mean,15,2000,1999,0.95,0.891,0.876585019651883,0.9039158493741772,0.8685,0.8529800370090288,0.8826070991446877,0.8115,0.793767991958299,0.8280376875854805
outlier,median,15,2000,1999,0.95,0.923,0.9104884888455166,0.9338896891545435,0.9115,0.8982505492332389,0.9231717208542898,0.9115,0.8982505492332389,0.9231717208542898
outlier,q90,15,2000,1999,0.95,0.7945,0.7762347355183078,0.8116361236330342,0.796,0.7777797978268458,0.8130853101826524,0.792,0.773660456950297,0.8092199874374513
outlier,variance,15,2000,1999,0.95,0.518,0.4960876073343329,0.5398433789635421,0.5345,0.5125938886765256,0.5562738350610679,0.549,0.5271191921762551,0.5706929371901822
ratio_pairs,ratio,15,2000,1999,0.95,0.9245,0.9120900214010068,0.9352824054572093,0.9235,0.9110221882003662,0.9343540727524124,0.9225,0.9099549326082559,0.9334251624390852
bimodal,mean,50,2000,1999,0.95,0.9375,0.9260297152353917,0.9472928683935119,0.9385,0.9271069197684697,0.9482118297658714,0.941,0.9298033851481019,0.9505057791498329
bimodal,median,50,2000,1999,0.95,0.9505,0.9400999950103993,0.9591727453891917,0.9475,0.9368392097083899,0.9564450329748887,0.9475,0.9368392097083899,0.9564450329748887
bimodal,q90,50,2000,1999,0.95,0.883,0.86817353316771,0.8963580086148503,0.884,0.8692237823494589,0.8973039253385389,0.9135,0.9003740477452268,0.9250405541531769
bimodal,variance,50,2000,1999,0.95,0.937,0.9254914002053398,0.9468331004708452,0.949,0.9384684614587503,0.9578100300826845,0.9475,0.9368392097083899,0.9564450329748887
exponential,mean,50,2000,1999,0.95,0.924,0.9115560319521683,0.9348183119533293,0.9295,0.9174382310555769,0.9399150253298267,0.929,0.9169027082144119,0.9394524652182732
exponential,median,50,2000,1999,0.95,0.9455,0.9346702670259668,0.9546216438464368,0.9415,0.9303432888168623,0.9509639584337912,0.9415,0.9303432888168623,0.9509639584337912
exponential,q90,50,2000,1999,0.95,0.89,0.8755323695259196,0.9029723335947031,0.891,0.876585019651883,0.9039158493741772,0.9185,0.9056914879040412,0.92970394352155
exponential,variance,50,2000,1999,0.95,0.8195,0.802036856323752,0.8357381504635274,0.8435,0.8269198508747131,0.8587631376430662,0.864,0.8482772935970045,0.8783270959822432
normal,mean,50,2000,1999,0.95,0.945,0.9341286162883299,0.9541652116313549,0.9435,0.9325050206793213,0.9527945583822073,0.944,0.9330459959530119,0.9532516660612355
normal,median,50,2000,1999,0.95,0.9535,0.9433703066271119,0.9618909314887917,0.949,0.9384684614587503,0.9578100300826845,0.949,0.9384684614587503,0.9578100300826845
normal,q90,50,2000,1999,0.95,0.8825,0.8676485316803879,0.8958849271494533,0.882,0.8671236116591076,0.8954117642180152,0.9155,0.9024995017830912,0.9269074319261874
normal,variance,50,2000,1999,0.95,0.92,0.9072892548014819,0.9311004254822657,0.926,0.9136928772514722,0.9366737984649004,0.929,0.9169027082144119,0.9394524652182732
outlier,mean,50,2000,1999,0.95,0.9185,0.9056914879040412,0.92970394352155,0.888,0.8734281303257863,0.9010842409839614,0.835,0.8180932994996616,0.8506222788218988
outlier,median,50,2000,1999,0.95,0.948,0.9373820458455553,0.956900279790442,0.946,0.9352121487009426,0.9550778451241797,0.946,0.9352121487009426,0.9550778451241797
outlier,q90,50,2000,1999,0.95,0.9095,0.8961289468949059,0.9213009913817478,0.9125,0.8993120578362034,0.9241063781567628,0.933,0.9211915043498484,0.9431483327045866
outlier,variance,50,2000,1999,0.95,0.7625,0.7433576088948527,0.7806359412824894,0.7905,0.7721163801452774,0.8077698153843146,0.8175,0.7999685143528416,0.8338141606235628
ratio_pairs,ratio,50,2000,1999,0.95,0.942,0.9308834016573861,0.9514219285459862,0.941,0.9298033851481019,0.9505057791498329,0.944,0.9330459959530119,0.9532516660612355
