boundary,courant_r,step,rel_drift_simple,rel_drift_conserved
dirichlet,0.5,100,1.239e-03,1.221e-15
dirichlet,0.5,200,7.027e-04,3.220e-15
dirichlet,0.5,300,1.317e-03,2.554e-15
dirichlet,0.5,400,1.332e-03,2.220e-15
dirichlet,0.5,500,1.678e-04,1.221e-15
dirichlet,0.5,600,7.027e-04,3.442e-15
dirichlet,0.5,700,8.712e-05,2.776e-15
dirichlet,0.5,800,1.462e-04,2.776e-15
dirichlet,0.5,900,1.236e-03,2.220e-16
dirichlet,0.5,1000,7.027e-04,6.661e-16
dirichlet,0.5,1100,1.320e-03,2.220e-15
dirichlet,0.5,1200,1.186e-03,2.998e-15
dirichlet,0.5,1300,1.711e-04,1.998e-15
dirichlet,0.5,1400,7.027e-04,1.776e-15
dirichlet,0.5,1500,8.456e-05,6.661e-16
dirichlet,0.5,1600,2.926e-04,6.217e-15
dirichlet,0.5,1700,1.233e-03,3.775e-15
dirichlet,0.5,1800,7.027e-04,6.661e-15
dirichlet,0.5,1900,1.322e-03,5.107e-15
dirichlet,0.5,2000,1.040e-03,5.329e-15
dirichlet,0.5,2100,1.745e-04,7.994e-15
dirichlet,0.5,2200,7.027e-04,6.883e-15
dirichlet,0.5,2300,8.210e-05,5.107e-15
dirichlet,0.5,2400,4.391e-04,6.217e-15
dirichlet,0.5,2500,1.229e-03,4.663e-15
dirichlet,0.5,2600,7.027e-04,6.217e-15
dirichlet,0.5,2700,1.325e-03,3.553e-15
dirichlet,0.5,2800,8.932e-04,7.327e-15
dirichlet,0.5,2900,1.781e-04,3.997e-15
dirichlet,0.5,3000,7.027e-04,5.773e-15
dirichlet,0.5,3100,7.976e-05,5.329e-15
dirichlet,0.5,3200,5.854e-04,3.553e-15
dirichlet,0.5,3300,1.226e-03,5.329e-15
dirichlet,0.5,3400,7.027e-04,8.660e-15
dirichlet,0.5,3500,1.327e-03,7.994e-15
dirichlet,0.5,3600,7.470e-04,1.021e-14
dirichlet,0.5,3700,1.818e-04,8.438e-15
dirichlet,0.5,3800,7.027e-04,6.217e-15
dirichlet,0.5,3900,7.751e-05,7.327e-15
dirichlet,0.5,4000,7.315e-04,1.132e-14
dirichlet,0.5,4100,1.222e-03,9.326e-15
dirichlet,0.5,4200,7.027e-04,1.110e-14
dirichlet,0.5,4300,1.329e-03,1.199e-14
dirichlet,0.5,4400,6.011e-04,8.438e-15
dirichlet,0.5,4500,1.856e-04,9.326e-15
dirichlet,0.5,4600,7.027e-04,1.332e-14
dirichlet,0.5,4700,7.536e-05,9.992e-15
dirichlet,0.5,4800,8.772e-04,1.665e-14
dirichlet,0.5,4900,1.218e-03,1.754e-14
dirichlet,0.5,5000,7.027e-04,1.710e-14
dirichlet,0.5,5100,1.331e-03,1.887e-14
dirichlet,0.5,5200,4.556e-04,1.665e-14
dirichlet,0.5,5300,1.896e-04,2.043e-14
dirichlet,0.5,5400,7.027e-04,2.176e-14
dirichlet,0.5,5500,7.331e-05,2.331e-14
dirichlet,0.5,5600,1.022e-03,2.220e-14
dirichlet,0.5,5700,1.214e-03,2.243e-14
dirichlet,0.5,5800,7.027e-04,1.843e-14
dirichlet,0.5,5900,1.333e-03,1.954e-14
dirichlet,0.5,6000,3.106e-04,2.132e-14
dirichlet,0.5,6100,1.938e-04,1.732e-14
dirichlet,0.5,6200,7.027e-04,1.688e-14
dirichlet,0.5,6300,7.135e-05,2.065e-14
dirichlet,0.5,6400,1.167e-03,1.754e-14
dirichlet,0.5,6500,1.210e-03,1.399e-14
dirichlet,0.5,6600,7.027e-04,1.688e-14
dirichlet,0.5,6700,1.335e-03,1.776e-14
dirichlet,0.5,6800,1.662e-04,1.599e-14
dirichlet,0.5,6900,1.981e-04,1.754e-14
dirichlet,0.5,7000,7.027e-04,1.732e-14
dirichlet,0.5,7100,6.947e-05,1.710e-14
dirichlet,0.5,7200,1.311e-03,1.732e-14
dirichlet,0.5,7300,1.205e-03,1.665e-14
dirichlet,0.5,7400,7.027e-04,1.932e-14
dirichlet,0.5,7500,1.337e-03,2.065e-14
dirichlet,0.5,7600,2.258e-05,1.821e-14
dirichlet,0.5,7700,2.026e-04,2.087e-14
dirichlet,0.5,7800,7.027e-04,2.465e-14
dirichlet,0.5,7900,6.768e-05,2.220e-14
dirichlet,0.5,8000,1.454e-03,2.220e-14
dirichlet,0.5,8100,1.201e-03,1.377e-14
dirichlet,0.5,8200,7.027e-04,1.110e-14
dirichlet,0.5,8300,1.339e-03,7.772e-15
dirichlet,0.5,8400,1.202e-04,8.216e-15
dirichlet,0.5,8500,2.073e-04,6.217e-15
dirichlet,0.5,8600,7.027e-04,7.550e-15
dirichlet,0.5,8700,6.597e-05,8.882e-15
dirichlet,0.5,8800,1.597e-03,1.421e-14
dirichlet,0.5,8900,1.196e-03,1.288e-14
dirichlet,0.5,9000,7.027e-04,1.421e-14
dirichlet,0.5,9100,1.340e-03,1.199e-14
dirichlet,0.5,9200,2.619e-04,1.288e-14
dirichlet,0.5,9300,2.122e-04,1.132e-14
dirichlet,0.5,9400,7.027e-04,1.288e-14
dirichlet,0.5,9500,6.434e-05,1.554e-14
dirichlet,0.5,9600,1.738e-03,1.510e-14
dirichlet,0.5,9700,1.191e-03,1.799e-14
dirichlet,0.5,9800,7.027e-04,2.043e-14
dirichlet,0.5,9900,1.342e-03,1.932e-14
dirichlet,0.5,10000,4.026e-04,1.776e-14
dirichlet,0.9,100,2.278e-03,4.441e-16
dirichlet,0.9,200,7.410e-03,0.000e+00
dirichlet,0.9,300,2.271e-03,9.992e-16
dirichlet,0.9,400,2.108e-03,1.998e-15
dirichlet,0.9,500,3.193e-03,2.442e-15
dirichlet,0.9,600,2.427e-03,2.220e-16
dirichlet,0.9,700,3.350e-03,0.000e+00
dirichlet,0.9,800,2.277e-03,2.776e-15
dirichlet,0.9,900,1.976e-02,4.219e-15
dirichlet,0.9,1000,2.278e-03,1.443e-15
dirichlet,0.9,1100,1.940e-02,1.443e-15
dirichlet,0.9,1200,2.278e-03,1.221e-15
dirichlet,0.9,1300,2.695e-03,4.441e-16
dirichlet,0.9,1400,2.381e-03,3.442e-15
dirichlet,0.9,1500,3.446e-03,2.220e-15
dirichlet,0.9,1600,1.615e-03,4.441e-16
dirichlet,0.9,1700,2.267e-03,4.441e-16
dirichlet,0.9,1800,4.776e-03,3.997e-15
dirichlet,0.9,1900,2.278e-03,1.776e-15
dirichlet,0.9,2000,4.256e-03,4.774e-15
dirichlet,0.9,2100,2.278e-03,3.775e-15
dirichlet,0.9,2200,1.178e-02,2.998e-15
dirichlet,0.9,2300,2.284e-03,5.218e-15
dirichlet,0.9,2400,6.622e-03,4.663e-15
dirichlet,0.9,2500,1.370e-03,6.772e-15
dirichlet,0.9,2600,2.124e-03,4.774e-15
dirichlet,0.9,2700,7.965e-03,3.775e-15
dirichlet,0.9,2800,2.278e-03,2.776e-15
dirichlet,0.9,2900,2.440e-02,3.997e-15
dirichlet,0.9,3000,2.278e-03,4.774e-15
dirichlet,0.9,3100,2.392e-02,1.776e-15
dirichlet,0.9,3200,2.278e-03,2.442e-15
dirichlet,0.9,3300,7.206e-03,3.220e-15
dirichlet,0.9,3400,2.178e-03,4.996e-15
dirichlet,0.9,3500,1.104e-03,5.773e-15
dirichlet,0.9,3600,6.205e-03,5.995e-15
dirichlet,0.9,3700,2.289e-03,4.996e-15
dirichlet,0.9,3800,9.492e-03,3.775e-15
dirichlet,0.9,3900,2.278e-03,6.772e-15
dirichlet,0.9,4000,5.995e-04,7.994e-15
dirichlet,0.9,4100,2.278e-03,5.440e-15
dirichlet,0.9,4200,7.052e-03,4.441e-15
dirichlet,0.9,4300,2.272e-03,4.663e-15
dirichlet,0.9,4400,2.025e-03,2.220e-15
dirichlet,0.9,4500,3.179e-03,3.220e-15
dirichlet,0.9,4600,2.436e-03,2.220e-15
dirichlet,0.9,4700,3.471e-03,4.441e-16
dirichlet,0.9,4800,2.277e-03,2.220e-16
dirichlet,0.9,4900,1.992e-02,1.554e-15
dirichlet,0.9,5000,2.278e-03,0.000e+00
dirichlet,0.9,5100,1.932e-02,9.992e-16
dirichlet,0.9,5200,2.278e-03,1.221e-15
dirichlet,0.9,5300,2.605e-03,3.775e-15
dirichlet,0.9,5400,2.373e-03,1.554e-15
dirichlet,0.9,5500,3.456e-03,5.551e-16
dirichlet,0.9,5600,1.685e-03,4.441e-16
dirichlet,0.9,5700,2.266e-03,2.220e-15
dirichlet,0.9,5800,5.102e-03,1.443e-15
dirichlet,0.9,5900,2.278e-03,2.220e-16
dirichlet,0.9,6000,3.655e-03,6.661e-16
dirichlet,0.9,6100,2.278e-03,2.220e-16
dirichlet,0.9,6200,1.144e-02,2.220e-16
dirichlet,0.9,6300,2.283e-03,2.776e-15
dirichlet,0.9,6400,6.541e-03,1.554e-15
dirichlet,0.9,6500,1.385e-03,3.997e-15
dirichlet,0.9,6600,2.115e-03,2.998e-15
dirichlet,0.9,6700,8.087e-03,1.776e-15
dirichlet,0.9,6800,2.278e-03,1.443e-15
dirichlet,0.9,6900,2.455e-02,1.443e-15
dirichlet,0.9,7000,2.278e-03,1.221e-15
dirichlet,0.9,7100,2.383e-02,2.220e-15
dirichlet,0.9,7200,2.278e-03,3.442e-15
dirichlet,0.9,7300,7.116e-03,0.000e+00
dirichlet,0.9,7400,2.186e-03,4.441e-16
dirichlet,0.9,7500,1.096e-03,1.998e-15
dirichlet,0.9,7600,6.276e-03,9.992e-16
dirichlet,0.9,7700,2.291e-03,8.882e-16
dirichlet,0.9,7800,9.828e-03,2.220e-16
dirichlet,0.9,7900,2.278e-03,4.441e-16
dirichlet,0.9,8000,1.201e-03,2.442e-15
dirichlet,0.9,8100,2.278e-03,2.887e-15
dirichlet,0.9,8200,6.712e-03,2.665e-15
dirichlet,0.9,8300,2.273e-03,3.109e-15
dirichlet,0.9,8400,1.946e-03,2.220e-15
dirichlet,0.9,8500,3.163e-03,1.998e-15
dirichlet,0.9,8600,2.445e-03,3.997e-15
dirichlet,0.9,8700,3.594e-03,3.109e-15
dirichlet,0.9,8800,2.277e-03,4.885e-15
dirichlet,0.9,8900,2.006e-02,4.219e-15
dirichlet,0.9,9000,2.278e-03,5.551e-15
dirichlet,0.9,9100,1.922e-02,5.551e-15
dirichlet,0.9,9200,2.278e-03,2.665e-15
dirichlet,0.9,9300,2.515e-03,6.217e-15
dirichlet,0.9,9400,2.365e-03,4.885e-15
dirichlet,0.9,9500,3.464e-03,5.773e-15
dirichlet,0.9,9600,1.758e-03,5.107e-15
dirichlet,0.9,9700,2.264e-03,7.105e-15
dirichlet,0.9,9800,5.448e-03,1.021e-14
dirichlet,0.9,9900,2.278e-03,8.882e-15
dirichlet,0.9,10000,3.054e-03,1.243e-14
neumann,0.5,100,1.239e-03,1.221e-15
neumann,0.5,200,7.027e-04,3.664e-15
neumann,0.5,300,8.845e-05,1.443e-15
neumann,0.5,400,7.310e-05,2.665e-15
neumann,0.5,500,1.238e-03,3.109e-15
neumann,0.5,600,7.027e-04,6.883e-15
neumann,0.5,700,8.712e-05,6.217e-15
neumann,0.5,800,1.462e-04,6.217e-15
neumann,0.5,900,1.236e-03,4.441e-15
neumann,0.5,1000,7.027e-04,3.109e-15
neumann,0.5,1100,8.582e-05,4.441e-16
neumann,0.5,1200,2.194e-04,1.776e-15
neumann,0.5,1300,1.234e-03,5.218e-15
neumann,0.5,1400,7.027e-04,3.775e-15
neumann,0.5,1500,8.456e-05,3.664e-15
neumann,0.5,1600,2.926e-04,9.215e-15
neumann,0.5,1700,1.233e-03,9.659e-15
neumann,0.5,1800,7.027e-04,1.266e-14
neumann,0.5,1900,8.332e-05,1.099e-14
neumann,0.5,2000,3.659e-04,6.772e-15
neumann,0.5,2100,1.231e-03,1.021e-14
neumann,0.5,2200,7.027e-04,1.144e-14
neumann,0.5,2300,8.210e-05,1.188e-14
neumann,0.5,2400,4.391e-04,1.299e-14
neumann,0.5,2500,1.229e-03,1.366e-14
neumann,0.5,2600,7.027e-04,1.565e-14
neumann,0.5,2700,8.092e-05,1.243e-14
neumann,0.5,2800,5.122e-04,1.343e-14
neumann,0.5,2900,1.227e-03,1.088e-14
neumann,0.5,3000,7.027e-04,1.321e-14
neumann,0.5,3100,7.976e-05,1.166e-14
neumann,0.5,3200,5.854e-04,1.610e-14
neumann,0.5,3300,1.226e-03,1.299e-14
neumann,0.5,3400,7.027e-04,1.399e-14
neumann,0.5,3500,7.862e-05,1.221e-14
neumann,0.5,3600,6.585e-04,1.166e-14
neumann,0.5,3700,1.224e-03,7.438e-15
neumann,0.5,3800,7.027e-04,6.217e-15
neumann,0.5,3900,7.751e-05,3.775e-15
neumann,0.5,4000,7.315e-04,7.772e-16
neumann,0.5,4100,1.222e-03,4.774e-15
neumann,0.5,4200,7.027e-04,2.776e-15
neumann,0.5,4300,7.642e-05,1.998e-15
neumann,0.5,4400,8.044e-04,1.554e-15
neumann,0.5,4500,1.220e-03,5.551e-16
neumann,0.5,4600,7.027e-04,2.665e-15
neumann,0.5,4700,7.536e-05,1.998e-15
neumann,0.5,4800,8.772e-04,3.442e-15
neumann,0.5,4900,1.218e-03,2.998e-15
neumann,0.5,5000,7.027e-04,3.553e-15
neumann,0.5,5100,7.432e-05,8.882e-16
neumann,0.5,5200,9.499e-04,3.553e-15
neumann,0.5,5300,1.216e-03,4.774e-15
neumann,0.5,5400,7.027e-04,9.992e-16
neumann,0.5,5500,7.331e-05,1.998e-15
neumann,0.5,5600,1.022e-03,2.665e-15
neumann,0.5,5700,1.214e-03,1.554e-15
neumann,0.5,5800,7.027e-04,2.442e-15
neumann,0.5,5900,7.232e-05,1.776e-15
neumann,0.5,6000,1.095e-03,4.663e-15
neumann,0.5,6100,1.212e-03,5.218e-15
neumann,0.5,6200,7.027e-04,7.661e-15
neumann,0.5,6300,7.135e-05,7.216e-15
neumann,0.5,6400,1.167e-03,9.992e-15
neumann,0.5,6500,1.210e-03,8.660e-15
neumann,0.5,6600,7.027e-04,1.066e-14
neumann,0.5,6700,7.040e-05,1.388e-14
neumann,0.5,6800,1.239e-03,1.421e-14
neumann,0.5,6900,1.207e-03,1.288e-14
neumann,0.5,7000,7.027e-04,1.221e-14
neumann,0.5,7100,6.947e-05,1.243e-14
neumann,0.5,7200,1.311e-03,8.660e-15
neumann,0.5,7300,1.205e-03,1.199e-14
neumann,0.5,7400,7.027e-04,9.881e-15
neumann,0.5,7500,6.857e-05,1.044e-14
neumann,0.5,7600,1.383e-03,1.088e-14
neumann,0.5,7700,1.203e-03,1.166e-14
neumann,0.5,7800,7.027e-04,1.299e-14
neumann,0.5,7900,6.768e-05,1.388e-14
neumann,0.5,8000,1.454e-03,1.421e-14
neumann,0.5,8100,1.201e-03,1.943e-14
neumann,0.5,8200,7.027e-04,1.987e-14
neumann,0.5,8300,6.682e-05,2.265e-14
neumann,0.5,8400,1.526e-03,2.764e-14
neumann,0.5,8500,1.198e-03,2.265e-14
neumann,0.5,8600,7.027e-04,2.531e-14
neumann,0.5,8700,6.597e-05,2.709e-14
neumann,0.5,8800,1.597e-03,2.631e-14
neumann,0.5,8900,1.196e-03,2.509e-14
neumann,0.5,9000,7.027e-04,2.542e-14
neumann,0.5,9100,6.515e-05,2.764e-14
neumann,0.5,9200,1.667e-03,2.742e-14
neumann,0.5,9300,1.193e-03,3.109e-14
neumann,0.5,9400,7.027e-04,2.853e-14
neumann,0.5,9500,6.434e-05,3.031e-14
neumann,0.5,9600,1.738e-03,3.186e-14
neumann,0.5,9700,1.191e-03,3.608e-14
neumann,0.5,9800,7.027e-04,3.608e-14
neumann,0.5,9900,6.356e-05,3.575e-14
neumann,0.5,10000,1.808e-03,3.453e-14
neumann,0.9,100,2.278e-03,2.220e-16
neumann,0.9,200,1.197e-02,1.998e-15
neumann,0.9,300,2.284e-03,4.441e-15
neumann,0.9,400,2.108e-03,4.663e-15
neumann,0.9,500,3.193e-03,5.218e-15
neumann,0.9,600,2.129e-03,4.996e-15
neumann,0.9,700,7.905e-03,3.997e-15
neumann,0.9,800,2.277e-03,3.775e-15
neumann,0.9,900,1.976e-02,5.995e-15
neumann,0.9,1000,2.278e-03,5.440e-15
neumann,0.9,1100,2.396e-02,5.218e-15
neumann,0.9,1200,2.278e-03,6.994e-15
neumann,0.9,1300,2.695e-03,7.772e-15
neumann,0.9,1400,2.381e-03,1.088e-14
neumann,0.9,1500,1.109e-03,1.199e-14
neumann,0.9,1600,6.171e-03,1.343e-14
neumann,0.9,1700,2.267e-03,1.410e-14
neumann,0.9,1800,4.776e-03,1.565e-14
neumann,0.9,1900,2.278e-03,1.488e-14
neumann,0.9,2000,2.994e-04,1.521e-14
neumann,0.9,2100,2.278e-03,1.166e-14
neumann,0.9,2200,1.178e-02,1.299e-14
neumann,0.9,2300,2.284e-03,1.443e-14
neumann,0.9,2400,2.066e-03,1.388e-14
neumann,0.9,2500,3.186e-03,1.410e-14
neumann,0.9,2600,2.124e-03,1.388e-14
neumann,0.9,2700,7.965e-03,1.510e-14
neumann,0.9,2800,2.277e-03,1.443e-14
neumann,0.9,2900,1.984e-02,1.521e-14
neumann,0.9,3000,2.278e-03,1.688e-14
neumann,0.9,3100,2.392e-02,1.488e-14
neumann,0.9,3200,2.278e-03,1.910e-14
neumann,0.9,3300,2.650e-03,1.787e-14
neumann,0.9,3400,2.377e-03,1.621e-14
neumann,0.9,3500,1.104e-03,1.543e-14
neumann,0.9,3600,6.205e-03,1.610e-14
neumann,0.9,3700,2.266e-03,1.588e-14
neumann,0.9,3800,4.937e-03,1.688e-14
neumann,0.9,3900,2.278e-03,1.643e-14
neumann,0.9,4000,5.995e-04,1.787e-14
neumann,0.9,4100,2.278e-03,1.665e-14
neumann,0.9,4200,1.161e-02,1.765e-14
neumann,0.9,4300,2.283e-03,1.932e-14
neumann,0.9,4400,2.025e-03,1.743e-14
neumann,0.9,4500,3.179e-03,1.621e-14
neumann,0.9,4600,2.119e-03,1.821e-14
neumann,0.9,4700,8.026e-03,1.965e-14
neumann,0.9,4800,2.277e-03,1.932e-14
neumann,0.9,4900,1.992e-02,2.409e-14
neumann,0.9,5000,2.278e-03,2.010e-14
neumann,0.9,5100,2.388e-02,2.065e-14
neumann,0.9,5200,2.278e-03,2.087e-14
neumann,0.9,5300,2.605e-03,2.265e-14
neumann,0.9,5400,2.373e-03,2.187e-14
neumann,0.9,5500,1.100e-03,2.365e-14
neumann,0.9,5600,6.240e-03,2.043e-14
neumann,0.9,5700,2.266e-03,2.065e-14
neumann,0.9,5800,5.102e-03,2.265e-14
neumann,0.9,5900,2.278e-03,1.943e-14
neumann,0.9,6000,9.002e-04,2.409e-14
neumann,0.9,6100,2.278e-03,2.409e-14
neumann,0.9,6200,1.144e-02,2.209e-14
neumann,0.9,6300,2.283e-03,2.442e-14
neumann,0.9,6400,1.985e-03,2.442e-14
neumann,0.9,6500,3.171e-03,2.653e-14
neumann,0.9,6600,2.115e-03,2.631e-14
neumann,0.9,6700,8.087e-03,2.409e-14
neumann,0.9,6800,2.277e-03,2.565e-14
neumann,0.9,6900,1.999e-02,2.143e-14
neumann,0.9,7000,2.278e-03,2.243e-14
neumann,0.9,7100,2.383e-02,2.531e-14
neumann,0.9,7200,2.278e-03,2.387e-14
neumann,0.9,7300,2.560e-03,2.209e-14
neumann,0.9,7400,2.369e-03,2.232e-14
neumann,0.9,7500,1.096e-03,2.531e-14
neumann,0.9,7600,6.276e-03,2.287e-14
neumann,0.9,7700,2.265e-03,2.554e-14
neumann,0.9,7800,5.273e-03,2.442e-14
neumann,0.9,7900,2.278e-03,2.442e-14
neumann,0.9,8000,1.201e-03,2.609e-14
neumann,0.9,8100,2.278e-03,2.665e-14
neumann,0.9,8200,1.127e-02,2.831e-14
neumann,0.9,8300,2.282e-03,2.709e-14
neumann,0.9,8400,1.946e-03,2.653e-14
neumann,0.9,8500,3.163e-03,2.887e-14
neumann,0.9,8600,2.110e-03,2.931e-14
neumann,0.9,8700,8.149e-03,2.864e-14
neumann,0.9,8800,2.277e-03,2.831e-14
neumann,0.9,8900,2.006e-02,2.764e-14
neumann,0.9,9000,2.278e-03,2.554e-14
neumann,0.9,9100,2.378e-02,2.631e-14
neumann,0.9,9200,2.278e-03,3.086e-14
neumann,0.9,9300,2.515e-03,2.909e-14
neumann,0.9,9400,2.365e-03,2.931e-14
neumann,0.9,9500,1.091e-03,2.764e-14
neumann,0.9,9600,6.313e-03,2.964e-14
neumann,0.9,9700,2.264e-03,2.864e-14
neumann,0.9,9800,5.448e-03,2.831e-14
neumann,0.9,9900,2.278e-03,2.764e-14
neumann,0.9,10000,1.502e-03,3.009e-14
