step,max_abs_u,rel_drift_conserved_E
1000,0.499676,2.665e-15
2000,0.998276,4.885e-15
3000,0.499149,3.220e-15
4000,0.997599,2.998e-15
5000,0.498115,2.220e-15
6000,0.994254,2.442e-15
7000,0.496078,1.110e-15
8000,0.988751,2.887e-15
9000,0.494615,3.997e-15
10000,0.98162,1.554e-15
11000,0.492253,5.329e-15
12000,0.973329,2.442e-15
13000,0.489699,2.887e-15
14000,0.964255,1.554e-15
15000,0.487498,0.000e+00
16000,0.954689,0.000e+00
17000,0.484782,1.776e-15
18000,0.944846,1.443e-15
19000,0.481837,1.110e-15
20000,0.934888,2.442e-15
21000,0.479609,3.442e-15
22000,0.924932,1.776e-15
23000,0.476995,1.776e-15
24000,0.915051,5.551e-16
25000,0.473965,3.775e-15
26000,0.905304,1.110e-15
27000,0.47111,4.663e-15
28000,0.895752,0.000e+00
29000,0.468739,2.887e-15
30000,0.886446,4.441e-16
31000,0.466198,5.551e-16
32000,0.87738,1.110e-15
33000,0.463527,7.105e-15
34000,0.868494,8.438e-15
35000,0.46076,4.441e-15
36000,0.859736,1.110e-15
37000,0.459665,7.772e-16
38000,0.851123,4.441e-16
39000,0.459303,3.553e-15
40000,0.842758,1.332e-15
41000,0.458945,5.551e-15
42000,0.834777,2.220e-15
43000,0.458654,8.438e-15
44000,0.827276,7.994e-15
45000,0.457721,5.773e-15
46000,0.820256,7.105e-15
47000,0.456263,4.219e-15
48000,0.81361,3.775e-15
49000,0.454543,5.551e-16
50000,0.807146,2.220e-16
