strategy,slice,description,precision@10,recall@10,ndcg@10,catalog_coverage,category_coverage,diversity,intra_list_similarity,novelty,gini,cold_item_exposure,cold_item_recall,users_evaluated
popularity,all,纯热门兜底（基线）,0.007264957264957267,0.04558404558404558,0.02088126191813324,0.065,0.7,0.9031513137068711,0.10351377018043656,4.125288434825988,0.9470128205128205,0.0,0.0,234.0
popularity,warm_users,纯热门兜底（基线）,0.00514018691588785,0.031152647975077878,0.016894292549325507,0.065,0.7,0.9036485684616542,0.10280373831775673,4.126107449744688,0.9467336448598132,0.0,0.0,214.0
popularity,cold_users,纯热门兜底（基线）,0.03,0.2,0.063541834164376,0.05,0.6,0.8978306878306876,0.11111111111111113,4.116524975196008,0.9500000000000002,0.0,0.0,20.0
user_cf,all,基于用户的协同过滤（Pearson）,0.017957746478873243,0.0779342723004695,0.03959967732615462,0.875,1.0,0.8605595743774819,0.39462329532752055,4.808673502824531,0.45404574132492126,0.0,0.0,142.0
user_cf,warm_users,基于用户的协同过滤（Pearson）,0.017957746478873243,0.0779342723004695,0.03959967732615462,0.875,1.0,0.8605595743774819,0.39462329532752055,4.808673502824531,0.45404574132492126,0.0,0.0,142.0
user_cf,cold_users,基于用户的协同过滤（Pearson）,0.0,0.0,0.0,0.0,0.0,0.0,0.0,0.0,0.0,0.0,0.0,0.0
item_cf,all,基于物品的协同过滤（Adjusted Cosine）,0.024404761904761898,0.09223856209150325,0.039276050454811536,0.825,1.0,0.8295487083722375,0.4107181761593526,4.778672901249575,0.4689211267605635,0.0,0.0,204.0
item_cf,warm_users,基于物品的协同过滤（Adjusted Cosine）,0.024404761904761898,0.09223856209150325,0.039276050454811536,0.825,1.0,0.8295487083722375,0.4107181761593526,4.778672901249575,0.4689211267605635,0.0,0.0,204.0
item_cf,cold_users,基于物品的协同过滤（Adjusted Cosine）,0.0,0.0,0.0,0.0,0.0,0.0,0.0,0.0,0.0,0.0,0.0,0.0
content,all,内容特征（类别+标签，加权 Jaccard）,0.035042735042735,0.21766381766381765,0.08043498351744774,0.96,1.0,0.7974306968751413,0.4194681861348531,4.952359054830336,0.45347435897435906,0.07051282051282051,0.19,234.0
content,warm_users,内容特征（类别+标签，加权 Jaccard）,0.03551401869158875,0.21931464174454826,0.08069683903517638,0.96,1.0,0.7884970083568211,0.44589823468328144,5.024858798484763,0.4118037383177571,0.07616822429906542,0.1919191919191919,214.0
content,cold_users,内容特征（类别+标签，加权 Jaccard）,0.03,0.2,0.07763312947775125,0.1,0.8,0.893021164021164,0.13666666666666671,4.176611797728055,0.9450000000000001,0.01,0.0,20.0
cat_pop,all,类别热门（个人偏好类别内取热门）,0.027350427350427326,0.16566951566951565,0.05892189230259619,0.6,1.0,0.7582541943653061,0.8392212725546063,4.728459529797108,0.6708675213675215,0.031196581196581197,0.09,234.0
cat_pop,warm_users,类别热门（个人偏好类别内取热门）,0.029439252336448573,0.1764797507788162,0.06148034133287874,0.6,1.0,0.7610149334915693,0.8277258566978197,4.751359950328822,0.6515000000000002,0.03271028037383177,0.09090909090909091,214.0
cat_pop,cold_users,类别热门（个人偏好类别内取热门）,0.005,0.05,0.031546487678572877,0.14,0.4,0.7287142857142859,0.9622222222222222,4.4834250301075205,0.9368000000000001,0.015,0.0,20.0
explore,all,探索位（epsilon-greedy 长尾随机）,0.02094017094017094,0.12898860398860398,0.03987194899501896,0.935,1.0,0.8406977795866687,0.45973409306742646,5.019835031837328,0.413760683760684,0.0811965811965812,0.07,234.0
explore,warm_users,探索位（epsilon-greedy 长尾随机）,0.021962616822429906,0.13169781931464172,0.03992127252174308,0.935,1.0,0.8432989665232657,0.4524402907580477,5.032758007429313,0.40124766355140196,0.08224299065420561,0.0707070707070707,214.0
explore,cold_users,探索位（epsilon-greedy 长尾随机）,0.01,0.1,0.03934418725907076,0.415,1.0,0.8128650793650796,0.5377777777777778,4.881559193002875,0.8036500000000002,0.07,0.0,20.0
hybrid,all,混合（item-CF + 内容 + 热门，按支持度加权）,0.017094017094017103,0.09871794871794871,0.034579064634416234,0.995,1.0,0.8681221453443677,0.32659069325736007,4.863592502655929,0.3811623931623933,0.03803418803418803,0.03,234.0
hybrid,warm_users,混合（item-CF + 内容 + 热门，按支持度加权）,0.016822429906542063,0.09626168224299064,0.033168476170780496,0.995,1.0,0.8666572714236266,0.3384215991692629,4.902913289227826,0.3539859813084114,0.038317757009345796,0.030303030303030304,214.0
hybrid,cold_users,混合（item-CF + 内容 + 热门，按支持度加权）,0.02,0.125,0.049672361195318704,0.265,1.0,0.883796296296296,0.19999999999999998,4.442860086336502,0.8995500000000001,0.035,0.0,20.0
