iteration,rel_residual
0,1.000000e+00
1,1.292538e+00
2,1.230481e+00
3,1.173341e+00
4,1.120555e+00
5,1.071613e+00
6,1.026061e+00
7,9.834975e-01
8,9.435705e-01
9,9.059729e-01
10,8.704394e-01
11,8.367420e-01
12,8.046854e-01
13,7.741034e-01
14,7.448546e-01
15,7.168189e-01
16,6.898944e-01
17,6.639948e-01
18,6.390463e-01
19,6.149862e-01
20,5.917606e-01
21,5.693230e-01
22,5.476331e-01
23,5.266556e-01
24,5.063595e-01
25,4.867171e-01
26,4.677036e-01
27,4.492966e-01
28,4.314756e-01
29,4.142217e-01
30,3.975172e-01
31,3.813460e-01
32,3.656923e-01
33,3.505418e-01
34,3.358803e-01
35,3.216946e-01
36,3.079719e-01
37,2.946999e-01
38,2.818667e-01
39,2.694607e-01
40,2.574709e-01
41,2.458864e-01
42,2.346966e-01
43,2.238914e-01
44,2.134606e-01
45,2.033946e-01
46,1.936838e-01
47,1.843190e-01
48,1.752909e-01
49,1.665908e-01
50,1.582100e-01
51,1.501398e-01
52,1.423720e-01
53,1.348985e-01
54,1.277111e-01
55,1.208021e-01
56,1.141638e-01
57,1.077886e-01
58,1.016691e-01
59,9.579808e-02
60,9.016841e-02
61,8.477310e-02
62,7.960529e-02
63,7.465825e-02
64,6.992669e-02
65,6.540806e-02
66,6.110143e-02
67,5.700583e-02
68,5.311926e-02
69,4.943896e-02
70,4.596152e-02
71,4.268286e-02
72,3.959831e-02
73,3.670266e-02
74,3.399015e-02
75,3.145460e-02
76,2.908940e-02
77,2.688764e-02
78,2.484213e-02
79,2.294553e-02
80,2.119038e-02
81,1.956917e-02
82,1.807441e-02
83,1.669866e-02
84,1.543453e-02
85,1.427476e-02
86,1.321219e-02
87,1.223987e-02
88,1.135100e-02
89,1.053902e-02
90,9.797580e-03
91,9.120620e-03
92,8.502342e-03
93,7.937255e-03
94,7.420190e-03
95,6.946315e-03
96,6.511149e-03
97,6.110571e-03
98,5.740820e-03
99,5.398491e-03
100,5.080529e-03
101,4.784216e-03
102,4.507147e-03
103,4.247215e-03
104,4.002581e-03
105,3.771652e-03
106,3.553053e-03
107,3.345602e-03
108,3.148282e-03
109,2.960221e-03
110,2.780667e-03
111,2.608965e-03
112,2.444546e-03
113,2.286904e-03
114,2.135582e-03
115,1.990162e-03
116,1.850250e-03
117,1.715465e-03
118,1.585433e-03
119,1.459769e-03
120,1.338072e-03
121,1.219906e-03
122,1.104782e-03
123,9.921230e-04
124,8.812145e-04
125,7.711056e-04
126,6.604119e-04
127,5.468601e-04
128,2.883179e-04
129,2.509363e-04
130,2.239891e-04
131,2.017130e-04
132,1.823547e-04
133,1.651958e-04
134,1.498145e-04
135,1.359557e-04
136,1.234276e-04
137,1.120867e-04
138,1.018137e-04
139,9.250916e-05
140,8.408396e-05
141,7.645810e-05
142,6.955841e-05
143,6.331836e-05
144,5.767655e-05
145,5.257679e-05
146,4.796732e-05
147,4.380071e-05
148,4.003343e-05
149,3.662566e-05
150,3.354101e-05
151,3.074634e-05
152,2.821156e-05
153,2.590940e-05
154,2.381529e-05
155,2.190711e-05
156,2.016508e-05
157,1.857154e-05
158,1.711082e-05
159,1.576903e-05
160,1.453393e-05
161,1.339477e-05
162,1.234211e-05
163,1.136772e-05
164,1.046440e-05
165,9.625884e-06
166,8.846732e-06
167,8.122201e-06
168,7.448167e-06
169,6.821042e-06
170,6.237698e-06
171,5.695404e-06
172,5.191769e-06
173,4.724688e-06
174,4.292302e-06
175,3.892947e-06
176,3.525123e-06
177,3.187452e-06
178,2.878639e-06
179,2.597440e-06
180,2.342617e-06
181,2.112907e-06
182,1.906974e-06
183,1.723379e-06
184,1.560543e-06
185,1.416733e-06
186,1.290057e-06
187,1.178483e-06
188,1.079881e-06
189,9.920820e-07
