dataset,n_src,n_tgt,accuracy,link_precision,link_recall,link_f1,beads,flagged_beads,err_correct,err_split_error,err_merge_error,err_spurious_pair,err_missed_pair,err_forced_confident_bulk,err_confidence_mismatch
basic_merge_gap,9,8,1.0,1.0,1.0,1.0,8,4,4,0,0,0,0,0,4
empty_both,0,0,1.0,1.0,1.0,1.0,0,0,0,0,0,0,0,0,0
empty_src,0,2,1.0,1.0,1.0,1.0,2,0,2,0,0,0,0,0,0
empty_tgt,2,0,1.0,1.0,1.0,1.0,2,0,2,0,0,0,0,0,0
extreme_ratio,1,6,1.0,1.0,1.0,1.0,7,4,1,0,0,0,0,0,0
fr_en_cognate,7,6,1.0,1.0,1.0,1.0,6,0,6,0,0,0,0,0,0
repeated,5,5,1.0,1.0,1.0,1.0,5,2,3,0,0,0,0,0,2
single,1,1,1.0,1.0,1.0,1.0,1,0,1,0,0,0,0,0,0
skew_4_8,4,8,1.0,1.0,1.0,1.0,4,0,4,0,0,0,0,0,0
unrelated_anchors,4,4,0.25,0.5,0.25,0.3333,6,6,0,0,1,0,2,0,1
AGGREGATE,,,0.9091,,,,,,23,0,1,0,2,0,7
