case,iteration,rel_residual
omega=1.8215,1,1.107092e+00
omega=1.8215,2,1.023658e+00
omega=1.8215,3,9.484426e-01
omega=1.8215,4,8.801317e-01
omega=1.8215,5,8.175905e-01
omega=1.8215,6,7.599006e-01
omega=1.8215,7,7.063486e-01
omega=1.8215,8,6.563927e-01
omega=1.8215,9,6.096239e-01
omega=1.8215,10,5.657318e-01
omega=1.8215,11,5.244765e-01
omega=1.8215,12,4.856673e-01
omega=1.8215,13,4.491482e-01
omega=1.8215,14,4.147873e-01
omega=1.8215,15,3.824694e-01
omega=1.8215,16,3.520916e-01
omega=1.8215,17,3.235597e-01
omega=1.8215,18,2.967863e-01
omega=1.8215,19,2.716889e-01
omega=1.8215,20,2.481895e-01
omega=1.8215,21,2.262133e-01
omega=1.8215,22,2.056889e-01
omega=1.8215,23,1.865473e-01
omega=1.8215,24,1.687219e-01
omega=1.8215,25,1.521485e-01
omega=1.8215,26,1.367648e-01
omega=1.8215,27,1.225105e-01
omega=1.8215,28,1.093271e-01
omega=1.8215,29,9.715787e-02
omega=1.8215,30,8.594764e-02
omega=1.8215,31,7.564288e-02
omega=1.8215,32,6.620151e-02
omega=1.8215,33,5.760173e-02
omega=1.8215,34,4.983048e-02
omega=1.8215,35,4.286910e-02
omega=1.8215,36,3.668779e-02
omega=1.8215,37,3.124738e-02
omega=1.8215,38,2.650108e-02
omega=1.8215,39,2.239631e-02
omega=1.8215,40,1.887680e-02
omega=1.8215,41,1.588475e-02
omega=1.8215,42,1.336254e-02
omega=1.8215,43,1.125379e-02
omega=1.8215,44,9.504090e-03
omega=1.8215,45,8.061668e-03
omega=1.8215,46,6.877879e-03
omega=1.8215,47,5.907779e-03
omega=1.8215,48,5.110768e-03
omega=1.8215,49,4.451252e-03
omega=1.8215,50,3.899131e-03
omega=1.8215,51,3.429942e-03
omega=1.8215,52,3.024592e-03
omega=1.8215,53,2.668721e-03
omega=1.8215,54,2.351852e-03
omega=1.8215,55,2.066463e-03
omega=1.8215,56,1.807119e-03
omega=1.8215,57,1.569724e-03
omega=1.8215,58,1.350905e-03
omega=1.8215,59,1.147522e-03
omega=1.8215,60,9.562164e-04
omega=1.8215,61,7.728236e-04
omega=1.8215,62,5.910767e-04
omega=1.8215,63,3.977034e-04
omega=1.8215,64,2.736963e-04
omega=1.8215,65,2.150028e-04
omega=1.8215,66,1.753479e-04
omega=1.8215,67,1.442264e-04
omega=1.8215,68,1.188353e-04
omega=1.8215,69,9.803840e-05
omega=1.8215,70,8.097163e-05
omega=1.8215,71,6.700146e-05
omega=1.8215,72,5.557886e-05
omega=1.8215,73,4.624994e-05
omega=1.8215,74,3.862637e-05
omega=1.8215,75,3.238620e-05
omega=1.8215,76,2.725935e-05
omega=1.8215,77,2.302505e-05
omega=1.8215,78,1.950358e-05
omega=1.8215,79,1.655173e-05
omega=1.8215,80,1.405662e-05
omega=1.8215,81,1.193081e-05
omega=1.8215,82,1.010714e-05
omega=1.8215,83,8.534623e-06
omega=1.8215,84,7.174616e-06
omega=1.8215,85,5.997902e-06
omega=1.8215,86,4.982239e-06
omega=1.8215,87,4.110504e-06
omega=1.8215,88,3.369159e-06
omega=1.8215,89,2.746955e-06
omega=1.8215,90,2.233693e-06
omega=1.8215,91,1.818978e-06
omega=1.8215,92,1.490977e-06
omega=1.8215,93,1.235544e-06
omega=1.8215,94,1.036242e-06
omega=1.8215,95,8.755822e-07
omega=1.8215,96,7.384830e-07
omega=1.8215,97,6.167993e-07
omega=1.8215,98,5.091855e-07
omega=1.8215,99,4.169432e-07
omega=1.8215,100,3.407982e-07
omega=1.8215,101,2.797785e-07
omega=1.8215,102,2.313692e-07
omega=1.8215,103,1.925843e-07
omega=1.8215,104,1.609973e-07
omega=1.8215,105,1.350161e-07
omega=1.8215,106,1.135589e-07
omega=1.8215,107,9.577308e-08
omega=1.8215,108,8.094752e-08
omega=1.8215,109,6.850384e-08
omega=1.8215,110,5.798715e-08
omega=1.8215,111,4.903597e-08
omega=1.8215,112,4.136744e-08
omega=1.8215,113,3.476893e-08
omega=1.8215,114,2.907964e-08
omega=1.8215,115,2.417707e-08
omega=1.8215,116,1.997065e-08
omega=1.8215,117,1.639257e-08
omega=1.8215,118,1.338938e-08
omega=1.8215,119,1.091547e-08
omega=1.8215,120,8.923286e-09
omega=2.0000,1,4.288608e+00
omega=2.0000,2,4.573385e+00
omega=2.0000,3,4.791400e+00
omega=2.0000,4,4.973626e+00
omega=2.0000,5,5.131616e+00
omega=2.0000,6,5.270414e+00
omega=2.0000,7,5.392665e+00
omega=2.0000,8,5.499798e+00
omega=2.0000,9,5.592959e+00
omega=2.0000,10,5.673263e+00
omega=2.0000,11,5.741791e+00
omega=2.0000,12,5.799672e+00
omega=2.0000,13,5.848062e+00
omega=2.0000,14,5.888111e+00
omega=2.0000,15,5.920947e+00
omega=2.0000,16,5.947653e+00
omega=2.0000,17,5.969232e+00
omega=2.0000,18,5.986591e+00
omega=2.0000,19,6.000538e+00
omega=2.0000,20,6.011761e+00
omega=2.0000,21,6.020839e+00
omega=2.0000,22,6.028242e+00
omega=2.0000,23,6.034346e+00
omega=2.0000,24,6.039440e+00
omega=2.0000,25,6.043746e+00
omega=2.0000,26,6.047431e+00
omega=2.0000,27,6.050619e+00
omega=2.0000,28,6.053402e+00
omega=2.0000,29,6.055853e+00
omega=2.0000,30,6.058026e+00
omega=2.0000,31,6.059967e+00
omega=2.0000,32,6.061151e+00
omega=2.0000,33,6.058595e+00
omega=2.0000,34,6.054272e+00
omega=2.0000,35,6.051030e+00
omega=2.0000,36,6.045819e+00
omega=2.0000,37,6.036887e+00
omega=2.0000,38,6.024530e+00
omega=2.0000,39,6.009679e+00
omega=2.0000,40,5.992747e+00
omega=2.0000,41,5.973816e+00
omega=2.0000,42,5.953093e+00
omega=2.0000,43,5.930912e+00
omega=2.0000,44,5.907393e+00
omega=2.0000,45,5.882335e+00
omega=2.0000,46,5.855155e+00
omega=2.0000,47,5.825017e+00
omega=2.0000,48,5.791114e+00
omega=2.0000,49,5.752772e+00
omega=2.0000,50,5.709398e+00
omega=2.0000,51,5.660443e+00
omega=2.0000,52,5.605325e+00
omega=2.0000,53,5.543472e+00
omega=2.0000,54,5.474354e+00
omega=2.0000,55,5.397528e+00
omega=2.0000,56,5.312648e+00
omega=2.0000,57,5.219517e+00
omega=2.0000,58,5.118114e+00
omega=2.0000,59,5.008630e+00
omega=2.0000,60,4.891485e+00
omega=2.0000,61,4.767344e+00
omega=2.0000,62,4.637129e+00
omega=2.0000,63,4.502012e+00
omega=2.0000,64,2.349708e+00
omega=2.0000,65,4.171222e+00
omega=2.0000,66,4.690248e+00
omega=2.0000,67,4.847239e+00
omega=2.0000,68,4.960246e+00
omega=2.0000,69,5.062362e+00
omega=2.0000,70,5.156562e+00
omega=2.0000,71,5.243634e+00
omega=2.0000,72,5.322887e+00
omega=2.0000,73,5.394991e+00
omega=2.0000,74,5.460048e+00
omega=2.0000,75,5.518314e+00
omega=2.0000,76,5.570188e+00
omega=2.0000,77,5.616149e+00
omega=2.0000,78,5.656721e+00
omega=2.0000,79,5.692422e+00
omega=2.0000,80,5.723840e+00
omega=2.0000,81,5.751667e+00
omega=2.0000,82,5.776455e+00
omega=2.0000,83,5.798629e+00
omega=2.0000,84,5.818478e+00
omega=2.0000,85,5.836204e+00
omega=2.0000,86,5.851983e+00
omega=2.0000,87,5.866000e+00
omega=2.0000,88,5.878409e+00
omega=2.0000,89,5.889304e+00
omega=2.0000,90,5.898742e+00
omega=2.0000,91,5.906737e+00
omega=2.0000,92,5.913275e+00
omega=2.0000,93,5.918352e+00
omega=2.0000,94,5.922003e+00
omega=2.0000,95,5.924308e+00
omega=2.0000,96,5.914411e+00
omega=2.0000,97,5.863092e+00
omega=2.0000,98,5.830373e+00
omega=2.0000,99,5.793370e+00
omega=2.0000,100,5.760867e+00
omega=2.0000,101,5.740019e+00
omega=2.0000,102,5.719252e+00
omega=2.0000,103,5.712250e+00
omega=2.0000,104,5.719711e+00
omega=2.0000,105,5.728126e+00
omega=2.0000,106,5.729932e+00
omega=2.0000,107,5.724945e+00
omega=2.0000,108,5.714343e+00
omega=2.0000,109,5.698974e+00
omega=2.0000,110,5.679435e+00
omega=2.0000,111,5.656291e+00
omega=2.0000,112,5.629706e+00
omega=2.0000,113,5.599572e+00
omega=2.0000,114,5.565659e+00
omega=2.0000,115,5.527754e+00
omega=2.0000,116,5.485611e+00
omega=2.0000,117,5.439068e+00
omega=2.0000,118,5.387955e+00
omega=2.0000,119,5.332116e+00
omega=2.0000,120,5.271517e+00
omega=2.0000,121,5.206161e+00
omega=2.0000,122,5.136205e+00
omega=2.0000,123,5.061898e+00
omega=2.0000,124,4.983676e+00
omega=2.0000,125,4.902082e+00
omega=2.0000,126,4.817728e+00
omega=2.0000,127,4.731297e+00
omega=2.0000,128,3.312335e+00
omega=2.0000,129,4.384457e+00
omega=2.0000,130,4.805247e+00
omega=2.0000,131,4.935476e+00
omega=2.0000,132,5.028679e+00
omega=2.0000,133,5.104993e+00
omega=2.0000,134,5.176352e+00
omega=2.0000,135,5.243810e+00
omega=2.0000,136,5.306804e+00
omega=2.0000,137,5.365146e+00
omega=2.0000,138,5.417286e+00
omega=2.0000,139,5.462306e+00
omega=2.0000,140,5.501222e+00
omega=2.0000,141,5.535908e+00
omega=2.0000,142,5.566641e+00
omega=2.0000,143,5.592655e+00
omega=2.0000,144,5.615156e+00
omega=2.0000,145,5.635858e+00
omega=2.0000,146,5.655443e+00
omega=2.0000,147,5.673517e+00
omega=2.0000,148,5.689629e+00
omega=2.0000,149,5.703990e+00
omega=2.0000,150,5.717078e+00
omega=2.0000,151,5.729056e+00
omega=2.0000,152,5.739846e+00
omega=2.0000,153,5.749271e+00
omega=2.0000,154,5.757330e+00
omega=2.0000,155,5.763887e+00
omega=2.0000,156,5.768757e+00
omega=2.0000,157,5.771928e+00
omega=2.0000,158,5.773508e+00
omega=2.0000,159,5.773628e+00
omega=2.0000,160,5.742401e+00
omega=2.0000,161,5.646565e+00
omega=2.0000,162,5.616764e+00
omega=2.0000,163,5.579793e+00
omega=2.0000,164,5.590634e+00
omega=2.0000,165,5.587156e+00
omega=2.0000,166,5.630175e+00
omega=2.0000,167,5.664149e+00
omega=2.0000,168,5.674811e+00
omega=2.0000,169,5.673484e+00
omega=2.0000,170,5.666782e+00
omega=2.0000,171,5.657815e+00
omega=2.0000,172,5.646731e+00
omega=2.0000,173,5.632831e+00
omega=2.0000,174,5.615941e+00
omega=2.0000,175,5.595869e+00
omega=2.0000,176,5.572762e+00
omega=2.0000,177,5.546119e+00
omega=2.0000,178,5.516000e+00
omega=2.0000,179,5.482334e+00
omega=2.0000,180,5.445212e+00
omega=2.0000,181,5.405260e+00
omega=2.0000,182,5.363229e+00
omega=2.0000,183,5.319555e+00
omega=2.0000,184,5.274167e+00
omega=2.0000,185,5.226604e+00
omega=2.0000,186,5.176463e+00
omega=2.0000,187,5.123779e+00
omega=2.0000,188,5.068730e+00
omega=2.0000,189,5.011551e+00
omega=2.0000,190,4.952455e+00
omega=2.0000,191,4.891598e+00
omega=2.0000,192,3.866653e+00
omega=2.0000,193,4.533349e+00
omega=2.0000,194,4.893372e+00
omega=2.0000,195,5.026890e+00
omega=2.0000,196,5.093155e+00
omega=2.0000,197,5.152261e+00
omega=2.0000,198,5.199734e+00
omega=2.0000,199,5.243790e+00
omega=2.0000,200,5.278846e+00
omega=2.0500,1,8.479073e+00
omega=2.0500,2,9.611042e+00
omega=2.0500,3,1.056285e+01
omega=2.0500,4,1.143498e+01
omega=2.0500,5,1.225755e+01
omega=2.0500,6,1.304233e+01
omega=2.0500,7,1.379573e+01
omega=2.0500,8,1.452064e+01
omega=2.0500,9,1.521938e+01
omega=2.0500,10,1.589433e+01
omega=2.0500,11,1.654774e+01
omega=2.0500,12,1.718216e+01
omega=2.0500,13,1.780042e+01
omega=2.0500,14,1.840542e+01
omega=2.0500,15,1.900020e+01
omega=2.0500,16,1.958789e+01
omega=2.0500,17,2.017151e+01
omega=2.0500,18,2.075395e+01
omega=2.0500,19,2.133796e+01
omega=2.0500,20,2.192601e+01
omega=2.0500,21,2.252031e+01
omega=2.0500,22,2.312279e+01
omega=2.0500,23,2.373512e+01
omega=2.0500,24,2.435875e+01
omega=2.0500,25,2.499488e+01
omega=2.0500,26,2.564457e+01
omega=2.0500,27,2.630873e+01
omega=2.0500,28,2.698817e+01
omega=2.0500,29,2.768361e+01
omega=2.0500,30,2.839573e+01
omega=2.0500,31,2.912514e+01
omega=2.0500,32,2.987008e+01
omega=2.0500,33,3.061647e+01
omega=2.0500,34,3.137964e+01
omega=2.0500,35,3.218710e+01
omega=2.0500,36,3.301941e+01
omega=2.0500,37,3.385507e+01
omega=2.0500,38,3.469285e+01
omega=2.0500,39,3.554189e+01
omega=2.0500,40,3.640217e+01
omega=2.0500,41,3.727086e+01
omega=2.0500,42,3.816202e+01
omega=2.0500,43,3.910546e+01
omega=2.0500,44,4.012418e+01
omega=2.0500,45,4.122972e+01
omega=2.0500,46,4.242328e+01
omega=2.0500,47,4.369523e+01
omega=2.0500,48,4.503559e+01
omega=2.0500,49,4.643703e+01
omega=2.0500,50,4.789297e+01
omega=2.0500,51,4.939836e+01
omega=2.0500,52,5.094711e+01
omega=2.0500,53,5.253394e+01
omega=2.0500,54,5.415515e+01
omega=2.0500,55,5.580990e+01
omega=2.0500,56,5.750023e+01
omega=2.0500,57,5.923204e+01
omega=2.0500,58,6.101519e+01
omega=2.0500,59,6.286397e+01
omega=2.0500,60,6.479655e+01
omega=2.0500,61,6.683485e+01
omega=2.0500,62,6.900402e+01
omega=2.0500,63,7.133159e+01
omega=2.0500,64,5.451168e+01
omega=2.0500,65,1.714848e+02
omega=2.0500,66,2.050999e+02
omega=2.0500,67,2.224274e+02
omega=2.0500,68,2.383605e+02
omega=2.0500,69,2.538802e+02
omega=2.0500,70,2.690905e+02
omega=2.0500,71,2.840412e+02
omega=2.0500,72,2.986986e+02
omega=2.0500,73,3.131201e+02
omega=2.0500,74,3.273093e+02
omega=2.0500,75,3.412918e+02
omega=2.0500,76,3.550984e+02
omega=2.0500,77,3.687606e+02
omega=2.0500,78,3.823163e+02
omega=2.0500,79,3.957981e+02
omega=2.0500,80,4.092465e+02
omega=2.0500,81,4.227154e+02
omega=2.0500,82,4.362551e+02
omega=2.0500,83,4.499139e+02
omega=2.0500,84,4.637252e+02
omega=2.0500,85,4.777106e+02
omega=2.0500,86,4.918944e+02
omega=2.0500,87,5.063090e+02
omega=2.0500,88,5.209899e+02
omega=2.0500,89,5.359657e+02
omega=2.0500,90,5.512588e+02
omega=2.0500,91,5.668853e+02
omega=2.0500,92,5.828516e+02
omega=2.0500,93,5.991603e+02
omega=2.0500,94,6.158176e+02
omega=2.0500,95,6.328329e+02
omega=2.0500,96,6.492179e+02
omega=2.0500,97,6.615551e+02
omega=2.0500,98,6.789506e+02
omega=2.0500,99,7.024013e+02
omega=2.0500,100,7.356993e+02
omega=2.0500,101,7.748477e+02
omega=2.0500,102,8.081150e+02
omega=2.0500,103,8.427117e+02
omega=2.0500,104,8.832371e+02
omega=2.0500,105,9.248083e+02
omega=2.0500,106,9.648426e+02
omega=2.0500,107,1.003329e+03
omega=2.0500,108,1.040981e+03
omega=2.0500,109,1.078532e+03
omega=2.0500,110,1.116054e+03
omega=2.0500,111,1.153871e+03
omega=2.0500,112,1.192355e+03
omega=2.0500,113,1.231743e+03
omega=2.0500,114,1.272100e+03
omega=2.0500,115,1.313452e+03
omega=2.0500,116,1.355885e+03
omega=2.0500,117,1.399503e+03
omega=2.0500,118,1.444421e+03
omega=2.0500,119,1.490713e+03
omega=2.0500,120,1.538517e+03
omega=2.0500,121,1.587948e+03
omega=2.0500,122,1.639166e+03
omega=2.0500,123,1.692363e+03
omega=2.0500,124,1.747828e+03
omega=2.0500,125,1.805922e+03
omega=2.0500,126,1.867007e+03
omega=2.0500,127,1.931391e+03
omega=2.0500,128,1.691158e+03
omega=2.0500,129,3.678263e+03
omega=2.0500,130,4.372402e+03
omega=2.0500,131,4.715994e+03
omega=2.0500,132,5.045344e+03
omega=2.0500,133,5.361047e+03
omega=2.0500,134,5.674125e+03
omega=2.0500,135,5.984930e+03
omega=2.0500,136,6.293016e+03
omega=2.0500,137,6.598820e+03
omega=2.0500,138,6.901105e+03
omega=2.0500,139,7.199697e+03
omega=2.0500,140,7.496354e+03
omega=2.0500,141,7.795186e+03
omega=2.0500,142,8.096696e+03
omega=2.0500,143,8.397179e+03
omega=2.0500,144,8.697593e+03
omega=2.0500,145,9.001994e+03
omega=2.0500,146,9.313118e+03
omega=2.0500,147,9.631477e+03
omega=2.0500,148,9.956826e+03
omega=2.0500,149,1.028917e+04
omega=2.0500,150,1.062887e+04
omega=2.0500,151,1.097667e+04
omega=2.0500,152,1.133264e+04
omega=2.0500,153,1.169625e+04
omega=2.0500,154,1.206766e+04
omega=2.0500,155,1.244695e+04
omega=2.0500,156,1.283421e+04
omega=2.0500,157,1.322979e+04
omega=2.0500,158,1.363397e+04
omega=2.0500,159,1.404704e+04
omega=2.0500,160,1.441522e+04
omega=2.0500,161,1.462690e+04
omega=2.0500,162,1.526402e+04
omega=2.0500,163,1.645005e+04
omega=2.0500,164,1.783594e+04
omega=2.0500,165,1.867931e+04
omega=2.0500,166,1.982070e+04
omega=2.0500,167,2.091217e+04
omega=2.0500,168,2.181001e+04
omega=2.0500,169,2.265023e+04
omega=2.0500,170,2.349028e+04
omega=2.0500,171,2.434669e+04
omega=2.0500,172,2.521519e+04
omega=2.0500,173,2.609213e+04
omega=2.0500,174,2.698253e+04
omega=2.0500,175,2.788466e+04
omega=2.0500,176,2.880651e+04
omega=2.0500,177,2.975212e+04
omega=2.0500,178,3.072474e+04
omega=2.0500,179,3.172264e+04
omega=2.0500,180,3.274392e+04
omega=2.0500,181,3.379275e+04
omega=2.0500,182,3.488063e+04
omega=2.0500,183,3.602611e+04
omega=2.0500,184,3.724398e+04
omega=2.0500,185,3.853166e+04
omega=2.0500,186,3.987686e+04
omega=2.0500,187,4.127741e+04
omega=2.0500,188,4.274295e+04
omega=2.0500,189,4.428300e+04
omega=2.0500,190,4.590431e+04
omega=2.0500,191,4.761371e+04
omega=2.0500,192,4.411796e+04
omega=2.0500,193,7.853092e+04
omega=2.0500,194,9.346878e+04
omega=2.0500,195,1.010733e+05
omega=2.0500,196,1.078685e+05
omega=2.0500,197,1.144559e+05
omega=2.0500,198,1.208750e+05
omega=2.0500,199,1.272898e+05
omega=2.0500,200,1.337384e+05
omega=2.1000,1,1.809672e+01
omega=2.1000,2,2.157691e+01
omega=2.1000,3,2.466381e+01
omega=2.1000,4,2.765219e+01
omega=2.1000,5,3.061119e+01
omega=2.1000,6,3.356605e+01
omega=2.1000,7,3.653378e+01
omega=2.1000,8,3.952137e+01
omega=2.1000,9,4.253562e+01
omega=2.1000,10,4.558427e+01
omega=2.1000,11,4.867466e+01
omega=2.1000,12,5.181580e+01
omega=2.1000,13,5.501808e+01
omega=2.1000,14,5.829259e+01
omega=2.1000,15,6.165163e+01
omega=2.1000,16,6.510839e+01
omega=2.1000,17,6.867643e+01
omega=2.1000,18,7.236964e+01
omega=2.1000,19,7.620207e+01
omega=2.1000,20,8.018760e+01
omega=2.1000,21,8.433991e+01
omega=2.1000,22,8.867246e+01
omega=2.1000,23,9.319851e+01
omega=2.1000,24,9.793118e+01
omega=2.1000,25,1.028837e+02
omega=2.1000,26,1.080693e+02
omega=2.1000,27,1.135019e+02
omega=2.1000,28,1.191955e+02
omega=2.1000,29,1.251653e+02
omega=2.1000,30,1.314269e+02
omega=2.1000,31,1.379970e+02
omega=2.1000,32,1.448823e+02
omega=2.1000,33,1.520049e+02
omega=2.1000,34,1.594378e+02
omega=2.1000,35,1.675410e+02
omega=2.1000,36,1.765313e+02
omega=2.1000,37,1.865595e+02
omega=2.1000,38,1.979801e+02
omega=2.1000,39,2.112890e+02
omega=2.1000,40,2.265089e+02
omega=2.1000,41,2.430349e+02
omega=2.1000,42,2.605298e+02
omega=2.1000,43,2.795451e+02
omega=2.1000,44,3.007238e+02
omega=2.1000,45,3.244116e+02
omega=2.1000,46,3.509704e+02
omega=2.1000,47,3.805612e+02
omega=2.1000,48,4.133901e+02
omega=2.1000,49,4.498366e+02
omega=2.1000,50,4.902560e+02
omega=2.1000,51,5.350785e+02
omega=2.1000,52,5.847344e+02
omega=2.1000,53,6.396824e+02
omega=2.1000,54,7.004071e+02
omega=2.1000,55,7.674798e+02
omega=2.1000,56,8.415408e+02
omega=2.1000,57,9.233447e+02
omega=2.1000,58,1.013765e+03
omega=2.1000,59,1.113814e+03
omega=2.1000,60,1.224663e+03
omega=2.1000,61,1.347680e+03
omega=2.1000,62,1.484458e+03
omega=2.1000,63,1.636886e+03
omega=2.1000,64,1.687544e+03
omega=2.1000,65,7.076926e+03
omega=2.1000,66,8.614199e+03
omega=2.1000,67,9.706254e+03
omega=2.1000,68,1.080692e+04
omega=2.1000,69,1.192102e+04
omega=2.1000,70,1.305438e+04
omega=2.1000,71,1.420792e+04
omega=2.1000,72,1.538284e+04
omega=2.1000,73,1.658307e+04
omega=2.1000,74,1.780950e+04
omega=2.1000,75,1.906544e+04
omega=2.1000,76,2.035401e+04
omega=2.1000,77,2.167886e+04
omega=2.1000,78,2.304462e+04
omega=2.1000,79,2.445532e+04
omega=2.1000,80,2.591549e+04
omega=2.1000,81,2.742968e+04
omega=2.1000,82,2.900264e+04
omega=2.1000,83,3.064058e+04
omega=2.1000,84,3.234938e+04
omega=2.1000,85,3.413352e+04
omega=2.1000,86,3.599705e+04
omega=2.1000,87,3.794645e+04
omega=2.1000,88,3.999455e+04
omega=2.1000,89,4.216189e+04
omega=2.1000,90,4.447947e+04
omega=2.1000,91,4.699461e+04
omega=2.1000,92,4.977462e+04
omega=2.1000,93,5.291443e+04
omega=2.1000,94,5.654815e+04
omega=2.1000,95,6.085948e+04
omega=2.1000,96,6.607781e+04
omega=2.1000,97,7.168268e+04
omega=2.1000,98,7.720624e+04
omega=2.1000,99,8.217351e+04
omega=2.1000,100,9.029032e+04
omega=2.1000,101,1.054079e+05
omega=2.1000,102,1.213764e+05
omega=2.1000,103,1.355825e+05
omega=2.1000,104,1.499488e+05
omega=2.1000,105,1.639893e+05
omega=2.1000,106,1.776258e+05
omega=2.1000,107,1.913984e+05
omega=2.1000,108,2.055680e+05
omega=2.1000,109,2.203334e+05
omega=2.1000,110,2.357479e+05
omega=2.1000,111,2.518731e+05
omega=2.1000,112,2.688780e+05
omega=2.1000,113,2.868327e+05
omega=2.1000,114,3.057811e+05
omega=2.1000,115,3.257566e+05
omega=2.1000,116,3.468862e+05
omega=2.1000,117,3.693058e+05
omega=2.1000,118,3.932300e+05
omega=2.1000,119,4.189947e+05
omega=2.1000,120,4.472336e+05
omega=2.1000,121,4.789612e+05
omega=2.1000,122,5.158402e+05
omega=2.1000,123,5.604649e+05
omega=2.1000,124,6.167191e+05
omega=2.1000,125,6.903060e+05
omega=2.1000,126,7.891794e+05
omega=2.1000,127,9.240621e+05
omega=2.1000,128,1.083628e+06
omega=2.1000,129,2.816506e+06
omega=2.1000,130,3.427349e+06
omega=2.1000,131,3.877693e+06
omega=2.1000,132,4.320006e+06
omega=2.1000,133,4.765874e+06
omega=2.1000,134,5.224085e+06
omega=2.1000,135,5.693803e+06
omega=2.1000,136,6.177468e+06
omega=2.1000,137,6.676245e+06
omega=2.1000,138,7.190252e+06
omega=2.1000,139,7.718477e+06
omega=2.1000,140,8.259939e+06
omega=2.1000,141,8.826543e+06
omega=2.1000,142,9.433797e+06
omega=2.1000,143,1.008644e+07
omega=2.1000,144,1.077967e+07
omega=2.1000,145,1.151142e+07
omega=2.1000,146,1.228415e+07
omega=2.1000,147,1.309633e+07
omega=2.1000,148,1.394902e+07
omega=2.1000,149,1.484596e+07
omega=2.1000,150,1.578867e+07
omega=2.1000,151,1.677694e+07
omega=2.1000,152,1.780901e+07
omega=2.1000,153,1.888062e+07
omega=2.1000,154,1.998791e+07
omega=2.1000,155,2.113258e+07
omega=2.1000,156,2.233612e+07
omega=2.1000,157,2.366874e+07
omega=2.1000,158,2.530146e+07
omega=2.1000,159,2.759032e+07
omega=2.1000,160,3.126279e+07
omega=2.1000,161,3.599861e+07
omega=2.1000,162,4.002489e+07
omega=2.1000,163,4.353917e+07
omega=2.1000,164,5.100682e+07
omega=2.1000,165,5.725740e+07
omega=2.1000,166,6.252414e+07
omega=2.1000,167,6.814640e+07
omega=2.1000,168,7.375571e+07
omega=2.1000,169,7.962698e+07
omega=2.1000,170,8.569456e+07
omega=2.1000,171,9.189054e+07
omega=2.1000,172,9.828547e+07
omega=2.1000,173,1.049467e+08
omega=2.1000,174,1.119134e+08
omega=2.1000,175,1.192377e+08
omega=2.1000,176,1.269553e+08
omega=2.1000,177,1.351145e+08
omega=2.1000,178,1.437379e+08
omega=2.1000,179,1.529129e+08
omega=2.1000,180,1.628213e+08
omega=2.1000,181,1.736734e+08
omega=2.1000,182,1.855983e+08
omega=2.1000,183,1.987179e+08
omega=2.1000,184,2.133147e+08
omega=2.1000,185,2.297007e+08
omega=2.1000,186,2.477660e+08
omega=2.1000,187,2.668534e+08
omega=2.1000,188,2.864864e+08
omega=2.1000,189,3.075576e+08
omega=2.1000,190,3.349431e+08
omega=2.1000,191,3.823487e+08
omega=2.1000,192,4.700565e+08
omega=2.1000,193,1.155083e+09
omega=2.1000,194,1.403624e+09
omega=2.1000,195,1.584466e+09
omega=2.1000,196,1.769408e+09
omega=2.1000,197,1.956416e+09
omega=2.1000,198,2.156893e+09
omega=2.1000,199,2.372919e+09
omega=2.1000,200,2.600293e+09
